,Placa,Modelo,Marca,AnoFabr.,Combustivel,Chassi,Cor,Grupo,Potência,Cilindro,Aquisição,Conservação,Preventiva,Situação,Combustivel,Patrimonio,Renavam,Unidade,Departamento,Tipo,Pool/Dedicado/Reserva,Motor,Caixa,Cartão,Proprietario,Local,Loc.Manutenção,Km Atual,Data Compra,Data Venda,Nota de compra,Valor de compra,Nota de venda,Valor de venda,Aquisição,Documento,Patrimônio,Nº Apólice
1,GMF1396,CAMINHAO TANQUE ,VOLKSWAGEN,1995,Diesel,9BWXTACM3SDB90133,BRANCA,IV,134,6,COMPRA,Regular,Veículo,Ativa,Diesel,A95011594-0,650997018,PRO REITORIA DE ADM.,PRA-DGA-AREAS VERDES,CAR/CAMINHAO TANQUE ,DEDICADO,,,3085121004480430,UNIVERSIDADE FEDERAL DE MINAS GERAIS - UFMG,,,35329,12/11/1995,,0,"79785,2",0,0,COMPRA,A95011594-0,0,
2,GMF1564,PARATI CLI,VOLKSWAGEN,1996,Gasolina,9BWZZZ379TT163437,BRANCA,V,081 CV-1.6,4,DOACAO TERMO 02/2012,Anti-econômico,Veículo,Ativa,Gasolina,01177884-9,660911655,PRO REITORIA DE ADM.,PRA-DLO-DITRA-LEILAO,PAS/AUTOMOVEL,DEDICADO,,,,UNIVERSIDADE FEDERAL DE MINAS GERAIS - UFMG,,,233615,11/09/2012,,0,"18.290,00",0,0,DOACAO TERMO 02/2012,01177884-9,0,
3,GMF1641,GOL 1.6 MI,VOLKSWAGEN,1997,Gasolina,9BWZZZ377VP501275,BRANCA,IV,1.6 081 CV,4,DOACAO TERMO 2013000045,Anti-econômico,Veículo,Ativa,Gasolina,01170195-1,669493210,PRO REITORIA DE ADM.,PRA-DLO-DITRA-LEILAO,PAS/AUTOMOVEL,DEDICADO,,,,UNIVERSIDADE FEDERAL DE MINAS GERAIS - UFMG,,,57315,17/10/2013,,0,"13729,5",0,0,DOACAO TERMO 2013000045,01170195-1,0,
4,GMF1750,VAN SPRINTER,MERCEDES BENZ,1997,Diesel,8AC690341VA501494,BRANCA,IV,95 CV,4,COMPRA,Anti-econômico,Veículo,Ativa,Diesel,A97002861-4,677009291,PRO REITORIA DE ADM.,PRA-DLO-DITRA-LEILAO,PAS/MICROONIBUS,DEDICADO,,,3085121004480480,UNIVERSIDADE FEDERAL DE MINAS GERAIS - UFMG,,,359394,04/11/1997,,0,"36162,88",0,0,COMPRA,A97002861-4,0,
5,GMF1756,VAN SPRINTER,MERCEDES BENZ,1997,Diesel,8AC690341VA503492,BRANCA,IV,95 CV,4,COMPRA,Regular,Veículo,Ativa,Diesel,A97004088-6,677210230,VET.ESC. VETERINARIA,VET-SERVICOS GERAIS,PAS/MICROONIBUS,DEDICADO,,,3085121004480490,UNIVERSIDADE FEDERAL DE MINAS GERAIS - UFMG,,,365290,30/05/1997,,0,"36451,1",0,0,COMPRA,A97004088-6,0,
6,GMF2408,CAMINHAO 608 D,MERCEDES BENZ,1986,Diesel,9BM308325GB711137,BRANCA,IV,85 CV,4,COMPRA,Regular,Veículo,Ativa,Diesel,A86019500-6,243122977,PRO REITORIA DE ADM.,PRA-DLO-DITRA-LEILAO,CAR/CAMINHAO/C.ABERTA,DEDICADO,608D,,3085121004480520,UNIVERSIDADE FEDERAL DE MINAS GERAIS - UFMG,,,183347,29/04/1986,,0,"178907,6",0,0,COMPRA,A86019500-6,0,OF7827
7,GMF2414,CAMINHAO  L1314,MERCEDES BENZ,1988,Diesel,9BM345002JB818756,BRANCA,IV,126 CV,6,COMPRA,Regular,Veículo,Ativa,Diesel,A88009837-X,246584947,VET.ESC. VETERINARIA,VET-FAZ. IGARAPE,CAR/CAMINHAO/BASCULANTE,DEDICADO,L1314,,3085121004480540,UNIVERSIDADE FEDERAL DE MINAS GERAIS - UFMG,,,108568,26/08/1988,,0,"12023966,66",0,0,COMPRA,A88009837-X,0,OF8554
8,GMF2445,ONIBUS 1314,MERCEDES BENZ,1987,Diesel,9BM345050HB757595,BRANCA,IV,130 CV,6,COMPRA,Anti-econômico,Veículo,Ativa,Diesel,A87010811-1,245778446,PRO REITORIA DE ADM.,PRA-DLO-DITRA-LEILAO,PAS/ONIBUS,DEDICADO,1314,,3085121004480590,UNIVERSIDADE FEDERAL DE MINAS GERAIS - UFMG,,,32885,20/08/1987,,0,"1324318,38",0,0,COMPRA,A87010811-1,0,OF7974
9,GMF2581,KOMBI PICK-UP,VOLKSWAGEN,1986,Alcool,9BWZZZ26ZGP014208,BRANCA,IV,60 CV,4,COMPRA,Anti-econômico,Veículo,Ativa,Alcool,A86032250-4,243102364,PRO REITORIA DE ADM.,PRA-DLO-DITRA-LEILAO,CAR/CAMION./C.ABERTA,DEDICADO,"1,6","1,6",3085121004480630,UNIVERSIDADE FEDERAL DE MINAS GERAIS - UFMG,,,79715,29/04/1986,,0,"64808,3",0,0,COMPRA,A86032250-4,0,OF7826
10,GMF2673,MICRO-ONIBUS 708,MERCEDES BENZ,1987,Diesel,9BM308304HB752254,BRANCA,IV,85 CV,4,COMPRA,Anti-econômico,Veículo,Ativa,Diesel,A87014442-8,246330961,PRO REITORIA DE ADM.,PRA-DLO-DITRA-LEILAO,CAR/ONIBUS BIBLIOTECA,DEDICADO,708,,3085121004480650,UNIVERSIDADE FEDERAL DE MINAS GERAIS - UFMG,,,50841,06/11/1987,,0,"604608,18",0,0,COMPRA,A87014442-8,0,OF8436
11,GMF2794,CAMINHAO 608,MERCEDES BENZ,1985,Diesel,30830212661944,BRANCA,IV,85 CV,4,DOACAO,Regular,Veículo,Ativa,Diesel,A84003419-3,239898060,ICA INSTITUTO DE CIENC. AGRARIAS,ICA SERVIÇOS GERAIS,CAR/CAMINHAO/C.ABERTA,DEDICADO,608D,,3085121004480660,UNIVERSIDADE FEDERAL DE MINAS GERAIS - UFMG,,,255465,27/11/1984,,0,"37.018.287,00",0,0,DOACAO,A84003419-3,0,OF5916
12,GMF2862,CAMINHAO  L1113,MERCEDES BENZ,1985,Diesel,34404412687488,AMARELA,IV,130 CV,6,COMPRA,Regular,Veículo,Ativa,Diesel,A85031693-8,241999294,PRO REITORIA DE ADM.,PRA-DGA-AREAS VERDES,CAR/CAMINHAO/C.ABERTA,DEDICADO,1113,,3085121004480680,UNIVERSIDADE FEDERAL DE MINAS GERAIS - UFMG,,,142050,09/09/1985,,0,"119.980.655,00",0,0,COMPRA,A85031693-8,0,OF7589
13,GMF3059,STRADA WORKING,FIAT,1999,Gasolina,9BD278072Y2718588,PRETA,IV,76 CV,4,DOACAO,Regular,Veículo,Ativa,Gasolina,A99007406-3,729991733,PRO REITORIA DE ADM.,PRA-DLO-DITRA-LEILAO,CAR/CAMION./C.ABERTA,DEDICADO,"1,6",,3085121004480690,UNIVERSIDADE FEDERAL DE MINAS GERAIS - UFMG,,,272552,09/10/1999,,0,"15135,73",0,0,DOACAO,A99007406-3,0,
14,GMF3118,M. POLO VIAGGIO GV 850,MERCEDES BENZ,2000,Diesel,9BM384073YB215785,AZUL BRANCA AMARELA,IV,211 CV,6,COMPRA,Bom,Veículo,Ativa,Diesel,A20003303-0,734415494,FAC. MEDICINA,FAC. MEDICINA-PROJ. MANOELZAO,PAS/ONIBUS,DEDICADO,,,3085121004480710,UNIVERSIDADE FEDERAL DE MINAS GERAIS - UFMG,,,59938,30/03/2000,,0,"98.850,00",0,0,COMPRA,A20003303-0,0,
15,GMF3242,PICK-UP COURIER 1.6 L,FORD,2000,Gasolina,9BFNSZPPA1B913049,BRANCA,IV,95 CV,4,COMPRA,Bom,Veículo,Ativa,Gasolina,A20010224-0,749931426,INST. CIENC. EXATAS,INST. CIENC. EXATAS-SERVICOS GERAIS,CAR/CAMION./C.ABERTA,DEDICADO,"1,6","1,6",3085121004480750,UNIVERSIDADE FEDERAL DE MINAS GERAIS - UFMG,,,66961,12/08/2000,,0,"16474,93",0,0,COMPRA,A20010224-0,0,
16,GMF3245,PICK-UP S10 2.2 S,CHEVROLET,2000,Gasolina,9BG124ASOYC440357,BRANCA,IV,113 CV,4,COMPRA,Bom,Veículo,Ativa,Gasolina,A20010229-1,749674199,DEMAI,DEMAI CAMPUS SAUDE,CAR/CAMION./C.ABERTA,DEDICADO,"2,2",,3085121004480780,UNIVERSIDADE FEDERAL DE MINAS GERAIS - UFMG,,,187303,15/12/2000,,0,"24.699,00",0,0,COMPRA,A20010229-1,0,
17,GMF3249,KOMBI - STANDARD,VOLKSWAGEN,2000,Gasolina,9BWGB07X51P008332,BRANCA,IV,61 CV,4,COMPRA,Bom,Veículo,Ativa,Gasolina,A20010234-8,749932023,ICA INSTITUTO DE CIENC. AGRARIAS,ICA SERVIÇOS GERAIS,MIS/CAMION./C.FECHADA,DEDICADO,"1,6","1,6",3085121004480820,UNIVERSIDADE FEDERAL DE MINAS GERAIS - UFMG,,,81075,18/12/2000,,0,"19880,89",0,0,COMPRA,A20010234-8,0,
18,GMF3252,KOMBI - STANDARD,VOLKSWAGEN,2001,Gasolina,9BWGB07X11P008263,BRANCA,IV,61 CV,4,COMPRA,Bom,Veículo,Ativa,Gasolina,A20010238-0,749932872,PRO REITORIA DE ADM.,PRA-DLO-DITRA-LEILAO,MIS/CAMION./C.FECHADA,DEDICADO,"1,6","1,6",3085121004480850,UNIVERSIDADE FEDERAL DE MINAS GERAIS - UFMG,,,193323,14/12/2000,16/02/2017,0,"19880,89",0,0,COMPRA,A20010238-0,0,
19,GMF3253,VAN SPRINTER,MERCEDES BENZ,2000,Diesel,8AC6903411A545194,BRANCA,IV,115 CV,4,COMPRA,Bom,Veículo,Ativa,Diesel,A20010239-9,749932805,PRO REITORIA DE ADM.,PRA-DLO-DITRA,PAS/MICROONIBUS,DEDICADO,,,3085121004480860,UNIVERSIDADE FEDERAL DE MINAS GERAIS - UFMG,,,336409,29/11/2000,,0,"57.970,00",0,0,COMPRA,A20010239-9,0,
20,GMF3254,PICK-UP S10 2.2 S,CHEVROLET,2000,Gasolina,9BG124AS0YC440416,BRANCA,IV,113 CV,4,COMPRA,Bom,Veículo,Ativa,Gasolina,A20010240-2,749933283,PRO REITORIA DE ADM.,PRA-DGA-AREAS VERDES,CAR/CAMION./C.ABERTA,DEDICADO,"2,2",,3085121004480870,UNIVERSIDADE FEDERAL DE MINAS GERAIS - UFMG,,,151157,15/12/2000,,0,"24.699,00",0,0,COMPRA,A20010240-2,0,
21,GMF3256,CAMINHAO 710,MERCEDES BENZ,2000,Diesel,9BM688156YB252803,BRANCA,IV,109,4,COMPRA,Bom,Veículo,Ativa,Diesel,A20010242-9,749932546,DEMAI,DEMAI MANUTENCAO,CAR/CAMINHAO/C.ABERTA,DEDICADO,710,,3085121004480890,UNIVERSIDADE FEDERAL DE MINAS GERAIS - UFMG,,,109535,28/11/2000,,274174,"41.922,00",0,0,COMPRA,A20010242-9,0,
22,GMF3257,PICK-UP S10 2.2 S,CHEVROLET,2000,Gasolina,9BG124ASOYC439993,BRANCA,IV,113 CV,4,COMPRA,Anti-econômico,Veículo,Ativa,Gasolina,A20010243-7,749933704,PRO REITORIA DE ADM.,PRA-DLO-DITRA-LEILAO,CAR/CAMION./C.ABERTA,DEDICADO,"2,2",,3085121004480900,UNIVERSIDADE FEDERAL DE MINAS GERAIS - UFMG,,,118168,15/12/2000,,0,"24.699,00",0,0,COMPRA,A20010243-7,0,
23,GMF3259,PICK-UP GM/S10 2.8 S,CHEVROLET,2001,Diesel,9BG124AC01C404825,BRANCA,IV,132 CV,4,COMPRA,Bom,Veículo,Ativa,Diesel,A20010245-3,749934255,VET.ESC. VETERINARIA,VET-SERVICOS GERAIS,CAR/CAMION./C.ABERTA,DEDICADO,"2,8",,3085121004480920,UNIVERSIDADE FEDERAL DE MINAS GERAIS - UFMG,,,285945,15/12/2000,,0,"35.795,00",0,0,COMPRA,A20010245-3,0,
24,GMF3260,GM/CORSA WIND,CHEVROLET,2000,Gasolina,9BGSC68N01C166156,BRANCA,IV,92 CV,4,COMPRA,Anti-econômico,Veículo,Ativa,Gasolina,A20010247-X,749943904,PRO REITORIA DE ADM.,PRA-DLO-DITRA-LEILAO,PAS/AUTOMOVEL,DEDICADO,"1,6","1,6",3085121004480930,UNIVERSIDADE FEDERAL DE MINAS GERAIS - UFMG,,,78656,15/12/2000,,0,"19.563,00",0,0,COMPRA,A20010247-X,0,
25,GMF3262,GM/CORSA WIND,CHEVROLET,2000,Gasolina,9BGSC68N01C166607,BRANCA,IV,92 CV,4,COMPRA,Bom,Veículo,Ativa,Gasolina,A20010249-6,749965177,PRO REITORIA DE ADM.,PRA-DLO-DSU,PAS/AUTOMOVEL,DEDICADO,"1,6","1,6",3085121004480950,UNIVERSIDADE FEDERAL DE MINAS GERAIS - UFMG,,,140234,15/12/2000,,0,"19.563,00",0,0,COMPRA,A20010249-6,0,
26,GMF3273,PICK-UP S10 2.2 S,CHEVROLET,2000,Gasolina,9BG124ASOYC440510,BRANCA,IV,113 CV,4,COMPRA,Anti-econômico,Veículo,Ativa,Gasolina,A20010261-5,749975911,PRO REITORIA DE ADM.,PRA-DLO-DITRA-LEILAO,CAR/CAMION./C.ABERTA,DEDICADO,"2,2",,3085121004481060,UNIVERSIDADE FEDERAL DE MINAS GERAIS - UFMG,,,139103,15/12/2000,,0,"24.699,00",0,0,COMPRA,A20010261-5,0,
27,GMF3276,GM/CORSA WIND,CHEVROLET,2000,Gasolina,9BGSC68N01C166619,BRANCA,IV,92 CV,4,COMPRA,Anti-econômico,Veículo,Ativa,Gasolina,A20010264-X,749977515,PRO REITORIA DE ADM.,PRA-DLO-DITRA-LEILAO,PAS/AUTOMOVEL,DEDICADO,"1,6","1,6",3085121004481090,UNIVERSIDADE FEDERAL DE MINAS GERAIS - UFMG,,,297860,15/12/2000,16/02/2017,0,"19.563,00",0,0,COMPRA,A20010264-X,0,
28,GMF3299,MICRO ONIBUS 8-140,VOLKSWAGEN,2000,Diesel,9BWV2RF66YRY14392,BRANCA,IV,135 CV,4,COMPRA,Anti-econômico,Veículo,Ativa,Diesel,A20010753-6,751123897,PRO REITORIA DE ADM.,PRA-DLO-DITRA-LEILAO,PAS/ONIBUS,DEDICADO,,,3085121004481110,UNIVERSIDADE FEDERAL DE MINAS GERAIS - UFMG,,,240367,16/01/2001,,0,"73756,18",0,0,COMPRA,A20010753-6,0,
29,GMF3302,RODOVIARIO VW,VOLKSWAGEN,2000,Diesel,9BWY2TJBX1RY14514,BRANCA,IV,206 CV,6,COMPRA,Bom,Veículo,Ativa,Diesel,A20010757-9,751047970,PRO REITORIA DE ADM.,PRA-DLO-DITRA,PAS/ONIBUS,DEDICADO,"3,25",,3085121004481130,UNIVERSIDADE FEDERAL DE MINAS GERAIS - UFMG,,,332773,01/11/2001,,0,"109227,79",0,0,COMPRA,A20010757-9,0,
30,GMF3303,MICRO ONIBUS 8-140,VOLKSWAGEN,2000,Diesel,9BWV2RF67YRY13848,BRANCA,IV,135 CV,4,COMPRA,Bom,Veículo,Ativa,Diesel,A20010755-2,751052795,DEMAI,DEMAI SERVICOS GERAIS,PAS/ONIBUS,DEDICADO,,,3085121004481140,UNIVERSIDADE FEDERAL DE MINAS GERAIS - UFMG,,,311085,01/11/2001,,0,"73756,18",0,0,COMPRA,A20010755-2,0,
31,GMF3314,KOMBI - STANDARD,VOLKSWAGEN,2001,Gasolina,9BWGB07X11P008215,BRANCA,IV,61 CV,4,COMPRA,Anti-econômico,Veículo,Ativa,Gasolina,A20011136-3,752542907,PRO REITORIA DE ADM.,PRA-DLO-DITRA-LEILAO,MIS/CAMION./C.FECHADA,DEDICADO,"1,6","1,6",3085121004481150,UNIVERSIDADE FEDERAL DE MINAS GERAIS - UFMG,,,158057,18/01/2001,,0,"19880,89",0,0,COMPRA,A20011136-3,0,
32,GMF3523,REBOQUE,REBOQUE,1986,Outros,MBLS0002271REM,CINZA,IV,,,DOACAO,Regular,Veículo,Ativa,Outros,A95002524-0,244994633,ICB-INST. CIENC. BIOLOGIAS,ICB-SERVICOS GERAIS,CAR/REBOQUE/C.ABERTA,DEDICADO,,,,UNIVERSIDADE FEDERAL DE MINAS GERAIS - UFMG,,,0,20/09/1986,,0,"400,00",0,0,DOACAO,A95002524-0,0,
33,GMF3526,HILUX 4 CDL SR,TOYOTA,2001,Diesel,8AJ33LNL529400599,BRANCA,IV,89 CV,3,COMPRA,Anti-econômico,Veículo,Ativa,Diesel,A20026056-9,769185649,PRO REITORIA DE ADM.,PRA-DLO-DITRA-LEILAO,MIS/CAMINHONETE/CABINE DUPLA,DEDICADO,,,3085121004481180,UNIVERSIDADE FEDERAL DE MINAS GERAIS - UFMG,,,376722,10/11/2001,,0,"55.176,00",0,0,COMPRA,A20026056-9,0,
34,GMF3554,GM/S10 2.8 D CABINE DUPLA,CHEVROLET,2001,Diesel,9BG138DC01C439840,PRATA,IV,132CV,4,DOACAO PROC.25381000273/2011-17,Ótimo,Veículo,Ativa,Diesel,01158483-1,770846815,DEMAI,DEMAI CAMPUS SAUDE,MIS/CAMINHONETE/CABINE DUPLA,DEDICADO,,,,UNIVERSIDADE FEDERAL DE MINAS GERAIS - UFMG,,,301415,24/01/2012,,0,"62.063,00",0,0,DOACAO PROC.25381000273/2011-17,01158483-1,0,
35,GMF4073,ASTRA,CHEVROLET,2002,Gasolina,9BGTT69B02B208307,PRETA,IV,116 CV,4,DOACAO TERMO 010/2015,Anti-econômico,Veículo,Ativa,Gasolina,12508306,787964425,PRO REITORIA DE ADM.,PRA-DLO-DITRA-LEILAO,PAS/AUTOMOVEL,DEDICADO,,,,UNIVERSIDADE FEDERAL DE MINAS GERAIS - UFMG,,,115460,05/04/2016,,0,"14990,9",0,0,DOACAO TERMO 010/2015,12508306,0,
36,GMF4307,PALIO WK ADVENTURE ,FIAT,2003,Gasolina,9BD17309934090063,BRANCA,IV,103 CV,4,COMPRA,Bom,Grupo Gerencial,Ativa,Gasolina,A20036031-3,804727821,CEU,CEU-SGER,PAS/AUTOMOVEL,DEDICADO,"1,8","1,8",3085121004481220,UNIVERSIDADE FEDERAL DE MINAS GERAIS - UFMG,,,379240,05/12/2003,,717828,"34279,99",0,0,COMPRA,A20036031-3,0,
37,GMF4316,REBOQUE,REBOQUE,2003,Outros,9A9CG05113BDJ4063,VERDE,IV,,,DOACAO-CONTRATO-03010-D,Bom,Veículo,Ativa,Outros,A202006157-3,806694602,DEMAI,DEMAI MANUTENCAO,CAR/REBOQUE/C.ABERTA,DEDICADO,,,,UNIVERSIDADE FEDERAL DE MINAS GERAIS - UFMG,,,0,30/06/2003,,0,"1.150,00",0,0,DOACAO-CONTRATO-03010-D,A202006157-3,0,
38,GMF4322,REBOQUE,REBOQUE,1983,Outros,UFMG3611183REM,,IV,,,COMPRA,Regular,Veículo,Ativa,Outros,A83000913-X,239907477,VET.ESC. VETERINARIA,VET-SERVICOS GERAIS,CAR/REBOQUE/C.ABERTA,DEDICADO,,,,UNIVERSIDADE FEDERAL DE MINAS GERAIS - UFMG,,,0,08/05/2003,08/05/2003,0,"0,01",0,0,COMPRA,A83000913-X,0,OF4817
39,GMF4334,CORSA CLASSIC,G. MOTORS,2003,Gasolina,9BGSB19N04B106586,BRANCA,IV,,4,COMPRA,Anti-econômico,Veículo,Ativa,Gasolina,A20030094250,812882334,PRO REITORIA DE ADM.,PRA-DLO-DITRA-LEILAO,PAS/AUTOMOVEL,DEDICADO,"1,6","1,6",3085121004481260,UNIVERSIDADE FEDERAL DE MINAS GERAIS - UFMG,,,144550,15/09/2003,,11891,"18.775,00",0,0,COMPRA,A20030094250,0,
40,GMF4336,CAMINHAO DAILY 6012 CC1,IVECO,2003,Diesel,93ZC5980138310840,BRANCA,IV,122CV,4,COMPRA,Bom,Veículo,Ativa,Diesel,A20030093122,813163773,PRO REITORIA DE ADM.,PRA-DLO-DITRA,CAR/CAMINHAO/C.ABERTA,DEDICADO,"2,8","2,8",3085121004481280,UNIVERSIDADE FEDERAL DE MINAS GERAIS - UFMG,,,63083,17/09/2003,,8106,"54.740,00",0,0,COMPRA,A20030093122,0,
41,GMF4338,PALIO WK ADVENTURE ,FIAT,2003,Gasolina,9BD17309944093531,BRANCA,IV,103CV,4,COMPRA,Bom,Veículo,Ativa,Gasolina,A2003010034X,813341124,PRO REITORIA DE ADM.,PRA-DLO-DITRA,PAS/AUTOMOVEL,DEDICADO,"1,8","1,8",3085121004481290,UNIVERSIDADE FEDERAL DE MINAS GERAIS - UFMG,,,255556,25/09/2003,,861493,"34681,69",0,0,COMPRA,A2003010034X,0,
42,GMF4372,PARATI 1.8 PLUS,VOLKSWAGEN,2004,Gasolina,9BWDC05X24T082726,BRANCA,IV,100 CV,4,COMPRA,Bom,Veículo,Ativa,Gasolina,A20040008230,820901768,PRO REITORIA DE ADM.,PRA-DLO-DSU,PAS/AUTOMOVEL,DEDICADO,"1,8","1,8",3085121004481310,UNIVERSIDADE FEDERAL DE MINAS GERAIS - UFMG,,,119225,22/01/2004,,23472,"33976,78",0,0,COMPRA,A20040008230,0,
43,GMF4373,ALLEGRO R 17.2100D,VOLKSWAGEN,2003,Diesel,9BWRF82W14R408486,BRANCA,IV,206 CV,6,COMPRA,Bom,Veículo,Ativa,Diesel,A20040007684,820904325,ICA INSTITUTO DE CIENC. AGRARIAS,ICA SERVIÇOS GERAIS,PAS/ONIBUS,DEDICADO,,,3085121004481320,UNIVERSIDADE FEDERAL DE MINAS GERAIS - UFMG,,,278827,30/01/2004,,19817374,"171.000,00",0,0,COMPRA,A20040007684,0,
44,GMF4562,KOMBI - STANDARD,VOLKSWAGEN,2005,Gasolina,9BWGB07X35P007203,BRANCA,IV,061 CV,4,COMPRA,Ótimo,Veículo,Ativa,Gasolina,01000802-1,848744152,ICB-INST. CIENC. BIOLOGIAS,ICB-SERVICOS GERAIS,PAS/AUTOMOVEL,DEDICADO,"1,6",,3085121004481350,UNIVERSIDADE FEDERAL DE MINAS GERAIS - UFMG,,,129946,03/08/2005,,205640,"34.000,00",0,0,COMPRA,01000802-1,0,
45,GMF4564,DOBLO ADVENTURE,FIAT,2005,Gasolina,9BD11985451024399,BRANCA,IV,103 CV,4,COMPRA,Ótimo,Modelo,Ativa,Gasolina,01000856-1,848761960,IGC INST.GEOCIENCIAS,IGC CENTRO PESQ.PLANEJ.TURISTICO,PAS/AUTOMOVEL,DEDICADO,,,3085121004481370,UNIVERSIDADE FEDERAL DE MINAS GERAIS - UFMG,,,151128,03/08/2005,,475208,"47999,99",0,0,COMPRA,01000856-1,0,
46,GMF4738,PALIO WEEKEND ADVENTURE,FIAT,2005,Flex,9BD17309C64165670,BRANCA,IV,110 CV,4,DOACAO  TERMO 2013000045,Bom,Veículo,Ativa,Flex,01170196-1,873639790,ICA INSTITUTO DE CIENC. AGRARIAS,ICA TRANSPORTES,PAS/AUTOMOVEL,DEDICADO,,,,UNIVERSIDADE FEDERAL DE MINAS GERAIS - UFMG,,,136815,17/10/2013,,0,"47.332,00",0,0,DOACAO  TERMO 2013000045,01170196-1,0,
47,GMF4764,ONIBUS 15180 EOD NEOBUS,VOLKSWAGEN,2005,Diesel,9BWR682WX5R530359,BRANCA,IV,180 CV,4,COMPRA,Ótimo,Veículo,Ativa,Diesel,01022477-7,875463118,ESC. CIENC. INFORMACAO,ESC. CIENC. INFORMACAO-SGER,PAS/ONIBUS,DEDICADO,,,3085121004481400,UNIVERSIDADE FEDERAL DE MINAS GERAIS - UFMG,,,42308,02/06/2006,,2291,"283.000,00",0,0,COMPRA,01022477-7,0,
48,GMF4884,ASTRA SEDAN ELEGANCE,CHEVROLET,2006,Gasolina,9BGTU69WO7B115669,PRETA,IV,128 CV,4,COMPRA,Ótimo,Veículo,Ativa,Gasolina,1033117-4,887549683,PRO REITORIA DE ADM.,PRA-SEC. ADM,PAS/AUTOMOVEL,DEDICADO,2,,3085121004481410,UNIVERSIDADE FEDERAL DE MINAS GERAIS - UFMG,,,174771,28/06/2006,,448688,"55.500,00",0,0,COMPRA,1033117-4,0,
49,GMF4885,ASTRA SEDAN ELEGANCE,CHEVROLET,2006,Gasolina,9BGTU69W07B111372,PRETA,III,125 CV,4,COMPRA,Ótimo,Veículo,Ativa,Gasolina,1033118-2,887550347,PRO REITORIA DE ADM.,PRA-SEC. ADM,PAS/AUTOMOVEL,DEDICADO,2,,3085121004481420,UNIVERSIDADE FEDERAL DE MINAS GERAIS - UFMG,,,154093,28/06/2006,,446349,"55.500,00",0,0,COMPRA,1033118-2,0,
50,GMF5090,KOMBI - STANDARD,VOLKSWAGEN,2006,Flex,9BWGF07X67P006974,BRANCA,IV,085CV,4,COMPRA,Ótimo,Veículo,Ativa,Flex,01046719-1,909037930,PRO REITORIA DE ADM.,PRA-DLO-DITRA,MIS/CAMION./C.FECHADA,DEDICADO,"1,4",,3085121004481430,UNIVERSIDADE FEDERAL DE MINAS GERAIS - UFMG,,,77303,02/07/2007,,123628,"37.975,00",0,0,COMPRA,01046719-1,0,
51,GMF5091,KOMBI - STANDARD,VOLKSWAGEN,2006,Flex,9BWGF07X57P007064,BRANCA,IV,085CV,4,COMPRA,Ótimo,Veículo,Ativa,Flex,01046721-1,909043400,EEFFTO ESC. EDUC. FIS. FISIO.TERAP. OCUP,EEFFTO-SERVICOS GERAIS,MIS/CAMION./C.FECHADA,DEDICADO,"1,4",,3085121004481440,UNIVERSIDADE FEDERAL DE MINAS GERAIS - UFMG,,,125022,01/10/2007,,124019,"37.975,00",0,0,COMPRA,01046721-1,GMF5091,
52,GMF5092,KOMBI - STANDARD,VOLKSWAGEN,2006,Flex,9BWGF07X07P007585,BRANCA,IV,085CV,4,COMPRA,Ótimo,Veículo,Ativa,Flex,1046722-1,909044295,EBA ESC. BELAS ARTES,EBA - LOGISTICA E SERV.OPERAC.,MIS/CAMION./C.FECHADA,DEDICADO,"1,4",,3085121004481450,UNIVERSIDADE FEDERAL DE MINAS GERAIS - UFMG,,,95488,15/01/2007,,124200,"37.975,00",0,0,COMPRA,1046722-1,0,
53,GMF5093,KOMBI - STANDARD,VOLKSWAGEN,2006,Gasolina,9BWGF07X37P007046,BRANCA,IV,085CV,4,COMPRA,Anti-econômico,Veículo,Ativa,Gasolina,01046720-3,909045348,PRO REITORIA DE ADM.,PRA-DLO-DITRA-LEILAO,MIS/CAMION./C.FECHADA,DEDICADO,"1,4",,3085121004481460,UNIVERSIDADE FEDERAL DE MINAS GERAIS - UFMG,,,102058,02/07/2007,,123626,"37.975,00",0,0,COMPRA,01046720-3,0,
54,GMF5094,KOMBI - STANDARD,VOLKSWAGEN,2006,Flex,9BWGF07X37P007032,BRANCA,IV,085CV,4,COMPRA,Ótimo,Grupo Gerencial,Ativa,Flex,01046723-8,909047642,MUSEU,MUSEU-SERVIÇOS GERAIS,MIS/CAMION./C.FECHADA,DEDICADO,"1,4",,3085121004481470,UNIVERSIDADE FEDERAL DE MINAS GERAIS - UFMG,,,180580,01/10/2007,,124021,"37.975,00",0,0,COMPRA,01046723-8,0,
55,GMF5101,ATHENAS,AGRALE,2006,Diesel,9BYC32Y1U7C000560,BRANCA,IV,150CV,4,COMPRA,Ótimo,Veículo,Ativa,Diesel,01046718-1,909349460,PRO REITORIA DE ADM.,PRA-DLO-DITRA,PAS/ONIBUS,DEDICADO,,6,3085121004481480,UNIVERSIDADE FEDERAL DE MINAS GERAIS - UFMG,,,148377,17/01/2007,,1481,"144.300,00",0,0,COMPRA,01046718-1,0,
56,GMF5163,UNO MILLE FIRE,FIAT,2007,Flex,9BD15822774948324,BRANCA,IV,66 CV,4,COMPRA,Ótimo,Veículo,Ativa,Flex,01049489-8,915792508,ICB-INST. CIENC. BIOLOGIAS,ICB-SERVICOS GERAIS,PAS/AUTOMOVEL,DEDICADO,,,3085121004481490,UNIVERSIDADE FEDERAL DE MINAS GERAIS - UFMG,,,149020,04/02/2007,,701707,"23.900,00",0,0,COMPRA,01049489-8,0,
57,GMF5164,UNO MILLE FIRE,FIAT,2007,Flex,9BD15822774947782,BRANCA,IV,66CV,4,COMPRA,Ótimo,Veículo,Ativa,Flex,01049481-2,915792427,DEMAI,DEMAI SERVICOS GERAIS,PAS/AUTOMOVEL,DEDICADO,1,,3085121004481500,UNIVERSIDADE FEDERAL DE MINAS GERAIS - UFMG,,,120344,20/03/2007,,675059,"23.900,00",0,0,COMPRA,01049481-2,0,
58,GMF5165,UNO MILLE FIRE,FIAT,2007,Flex,9BD15822774948253,BRANCA,IV,66CV,4,COMPRA,Ótimo,Veículo,Ativa,Flex,01049482-1,915794152,PRO REITORIA DE ADM.,PRA-DGA SEC ADM,PAS/AUTOMOVEL,DEDICADO,1,,3085121004481510,UNIVERSIDADE FEDERAL DE MINAS GERAIS - UFMG,,,105425,20/03/2007,,675060,"23.900,00",0,0,COMPRA,01049482-1,0,
59,GMF5166,UNO MILLE FIRE,FIAT,2007,Flex,9BD15822774948501,BRANCA,IV,66CV,4,COMPRA,Ótimo,Veículo,Ativa,Flex,01049487-1,915794772,IGC INST.GEOCIENCIAS,IGC SERVICOS GERAIS,PAS/AUTOMOVEL,DEDICADO,1,,3085121004481520,UNIVERSIDADE FEDERAL DE MINAS GERAIS - UFMG,,,134336,20/03/2007,,675065,"23.900,00",0,0,COMPRA,01049487-1,0,
60,GMF5167,UNO MILLE FIRE,FIAT,2007,Flex,9BD15822774947763,BRANCA,IV,66CV,4,COMPRA,Ótimo,Veículo,Ativa,Flex,010494480-4,915796031,PRO REITORIA DE ADM.,PRA-SEC. ADM,PAS/AUTOMOVEL,DEDICADO,1,,3085121004481530,UNIVERSIDADE FEDERAL DE MINAS GERAIS - UFMG,,,87475,20/03/2007,,675058,"23.900,00",0,0,COMPRA,010494480-4,0,
61,GMF5168,UNO MILLE FIRE,FIAT,2007,Flex,9BD15822774948450,BRANCA,IV,66CV,4,COMPRA,Ótimo,Grupo Gerencial,Ativa,Flex,01049485-5,915796473,DDCS-DIR. DIV. COMUN. SOCIAL,DDCS-CEDECOM-SECRETARIA. ADM,PAS/AUTOMOVEL,DEDICADO,1,,3085121004481540,UNIVERSIDADE FEDERAL DE MINAS GERAIS - UFMG,,,191931,20/03/2007,,675063,"23.900,00",0,0,COMPRA,01049485-5,0,
62,GMF5169,UNO MILLE FIRE,FIAT,2007,Flex,9BD15822774948345,BRANCA,IV,66CV,4,COMPRA,Ótimo,Veículo,Ativa,Flex,01049483-9,915797291,ARQ-ESC. ARQUITETURA,ARQ-GABINETE,PAS/AUTOMOVEL,DEDICADO,1,,3085121004481550,UNIVERSIDADE FEDERAL DE MINAS GERAIS - UFMG,,,187649,20/03/2007,,675061,"23.900,00",0,0,COMPRA,01049483-9,0,
63,GMF5170,UNO MILLE FIRE,FIAT,2007,,9BD15822774948458,BRANCA,IV,66CV,4,COMPRA,Anti-econômico,Veículo,Ativa,,01049486-3,915797810,PRO REITORIA DE ADM.,PRA-DLO-DITRA-LEILAO,PAS/AUTOMOVEL,DEDICADO,1,,3085121004481560,UNIVERSIDADE FEDERAL DE MINAS GERAIS - UFMG,,,115285,20/03/2007,,675064,"23.900,00",0,0,COMPRA,01049486-3,0,
64,GMF5171,VAN FURGAO,IVECO,2006,Diesel,93ZC3890168324099,BRANCA,IV,125CV,4,COMPRA,Ótimo,Veículo,Ativa,Diesel,01052425-8,915798883,VET.ESC. VETERINARIA,VET-SERVICOS GERAIS,CAR/CAMION./FURGAO,DEDICADO,2215,,3085121004481570,UNIVERSIDADE FEDERAL DE MINAS GERAIS - UFMG,,,147686,29/03/2007,,29361,"96.000,00",0,0,COMPRA,01052425-8,0,
65,GMF5172,UNO MILLE FIRE,FIAT,2007,Gasolina,9BD15822774948560,BRANCA,IV,66CV,4,COMPRA,Ótimo,Veículo,Ativa,Gasolina,01049488-1,915799170,MUSEU,MUSEU-SERVIÇOS GERAIS,PAS/AUTOMOVEL,DEDICADO,1,,3085121004481580,UNIVERSIDADE FEDERAL DE MINAS GERAIS - UFMG,,,81806,20/03/2007,,675066,"23.900,00",0,0,COMPRA,01049488-1,0,
66,GMF5173,UNO MILLE FIRE,FIAT,2007,,9BD15822774948429,BRANCA,IV,66CV,4,COMPRA,Ótimo,Veículo,Ativa,,01049484-7,915800683,PRO REITORIA DE ADM.,PRA-DLO-DITRA,PAS/AUTOMOVEL,DEDICADO,,,3085121004481590,UNIVERSIDADE FEDERAL DE MINAS GERAIS - UFMG,,,78720,20/03/2007,,675062,"23.900,00",0,0,COMPRA,01049484-7,0,
67,GMF5175,PARATI 1.6,VOLKSWAGEN,2007,Flex,9BWDB05W57T099177,BRANCA,IV,107CV,4,COMPRA,Ótimo,Veículo,Ativa,Flex,01052427-4,915802619,INST. CIENC. EXATAS,INST. CIENC. EXATAS-OBSERV. ASTRON,PAS/AUTOMOVEL,DEDICADO,,,3085121004481610,UNIVERSIDADE FEDERAL DE MINAS GERAIS - UFMG,,,327986,23/02/2007,,125658,"37.552,00",0,0,COMPRA,01052427-4,0,
68,GMF5181,PARATI 1.6,VOLKSWAGEN,2007,Flex,9BWDB05W17T137620,BRANCA,IV,107CV,4,COMPRA,Ótimo,Veículo,Ativa,Flex,01052486-1,916595463,DAC,DAC-SEC. ADM,PAS/AUTOMOVEL,DEDICADO,"1,6",,3085121004481620,UNIVERSIDADE FEDERAL DE MINAS GERAIS - UFMG,,,100081,13/04/2007,,127108,"37.552,00",0,0,COMPRA,01052486-1,0,
69,GMF5189,FRONTIER 4X4 XE,NISSAN,2006,Diesel,94DCEUD226J725331,BRANCA,IV,104CV,4,DOACAO CONTRATO Nº 114/2007,Ótimo,Veículo,Ativa,Diesel,1066428-9,919352901,FAC. MEDICINA,FAC. MEDICINA-NESCON,MIS/CAMION./CAB. DUPLA,DEDICADO,"2,8",,3085121004481630,UNIVERSIDADE FEDERAL DE MINAS GERAIS - UFMG,,,235671,05/02/2007,,0,"80.878,00",0,0,DOACAO CONTRATO Nº 114/2007,1066428-9,0,
70,GMF5223,PARATI 1.6 PLUS,VOLKSWAGEN,2007,Gasolina,9BWDB05W88T011899,BRANCA,V,107CV,4,COMPRA,Anti-econômico,Veículo,Ativa,Gasolina,01055172-7,923345809,PRO REITORIA DE ADM.,PRA-DLO-DITRA-LEILAO,PAS/AUTOMOVEL,DEDICADO,"1,6",,3085121004481640,UNIVERSIDADE FEDERAL DE MINAS GERAIS - UFMG,,,185955,29/05/2007,,0,"37.552,00",0,0,COMPRA,01055172-7,0,
71,GMF5293,VAN DUCATO MINIBUS,FIAT,2007,Diesel,93W244M2382019405,BRANCA,II,,,DOAÇÃO TRT ,Ótimo,Grupo Gerencial,Ativa,Diesel,,937593699,DEMAI,DEMAI SERVICOS GERAIS,PAS/MICROONIBUS,DEDICADO,,,,UNIVERSIDADE FEDERAL DE MINAS GERAIS - UFMG,,,103762,11/12/2021,,,"47.850,00",0,0,DOAÇÃO TRT ,,0,
72,GMF5416,KOMBI - STANDARD,VOLKSWAGEN,2008,Outros,9BWGF07X18P018452,BRANCA,IV,80HP-MOTOR1.4,4,COMPRA,Ótimo,Veículo,Ativa,Outros,01067447-1,955564719,DEMAI,DEMAI DIV. MAQ. EQUIP. ESPECIAIS,MIS/CAMION./C.FECHADA,DEDICADO,BTJ047160NBM,4,3085121004481650,UNIVERSIDADE FEDERAL DE MINAS GERAIS - UFMG,,,114920,21/02/2008,,352817,"41.400,00",0,0,COMPRA,01067447-1,0,
73,GMF5417,KOMBI - STANDARD,VOLKSWAGEN,2008,Flex,9BWGFO7X18P018578,BRANCA,IV,80HP-MOTOR1.4,4,COMPRA,Ótimo,Veículo,Ativa,Flex,01067448-9,955570441,PRO REITORIA DE ADM.,PRA-DGA-AREAS VERDES,MIS/CAMION./C.FECHADA,DEDICADO,BTJ047408NBM,4,3085121004481660,UNIVERSIDADE FEDERAL DE MINAS GERAIS - UFMG,,,88122,21/02/2008,,352813,"41.400,00",0,0,COMPRA,01067448-9,GMF5417,
74,GMF5418,KOMBI - STANDARD,VOLKSWAGEN,2008,Flex,9BWGF07X98P019316,BRANCA,IV,80HP-MOTOR1.4,4,COMPRA,Ótimo,Veículo,Ativa,Flex,01067444-6,955572274,VET.ESC. VETERINARIA,VET-SERVICOS GERAIS,MIS/CAMION./C.FECHADA,DEDICADO,BTJ 047957 NBM,4,3085121004481670,UNIVERSIDADE FEDERAL DE MINAS GERAIS - UFMG,,,153255,21/02/2008,,353550,"41.400,00",0,0,COMPRA,01067444-6,0,
75,GMF5419,KOMBI - STANDARD,VOLKSWAGEN,2008,Flex,9BWGF07X08P019317,BRANCA,IV,80HP-MOTOR1.4,4,COMPRA,Ótimo,Veículo,Ativa,Flex,01067445-4,955575168,IGC INST.GEOCIENCIAS,IGC CASA GLORIA,MIS/CAMION./C.FECHADA,DEDICADO,BTJ 047956 NBM,4,3085121004481680,UNIVERSIDADE FEDERAL DE MINAS GERAIS - UFMG,,,47953,21/02/2008,,353551,"41.400,00",0,0,COMPRA,01067445-4,0,
76,GMF5420,KOMBI - STANDARD,VOLKSWAGEN,2008,Flex,9BWGFO7X38PO19358,BRANCA,IV,80HP-MOTOR1.4,4,COMPRA,Ótimo,Veículo,Ativa,Flex,01067446-2,955582300,DEMAI,DEMAI CAMPUS SAUDE,MIS/CAMION./C.FECHADA,DEDICADO,BTJ 047909 NBM,4,3085121004481690,UNIVERSIDADE FEDERAL DE MINAS GERAIS - UFMG,,,211898,21/02/2008,,353552,"41.400,00",0,0,COMPRA,01067446-2,0,
77,GMF5421,KOMBI - STANDARD,VOLKSWAGEN,2008,Flex,9BWGF07X58P019295,BRANCA,IV,80HP-MOTOR1.4,4,COMPRA,Ótimo,Veículo,Ativa,Flex,01067451-9,955588944,BIBLIOT. UNIVERST,BIBLIOT.UNIVERSIT. SGER,MIS/CAMION./C.FECHADA,DEDICADO,BTJ048089NBM,4,3085121004481700,UNIVERSIDADE FEDERAL DE MINAS GERAIS - UFMG,,,75601,21/02/2008,,353548,"41.400,00",0,0,COMPRA,01067451-9,0,
78,GMF5422,CAMINHAO 8500,AGRALE,2008,Diesel,9BYC2762R8C001675,BRANCA,IV,115CV-MOTOR4.10 TCA,4,COMPRA,Ótimo,Veículo,Ativa,Diesel,010667443-8,955594987,MUSEU,MUSEU-SEC. ADM,CAR/CAMINHAO/C.ABERTA,DEDICADO,E1T145102,5,3085121004481710,UNIVERSIDADE FEDERAL DE MINAS GERAIS - UFMG,,,83710,21/02/2008,,352022,"106.000,00",0,0,COMPRA,010667443-8,0,
79,GMF5423,PALIO ELX FLEX,FIAT,2008,Flex,9BD17140A85178052,BRANCA,IV,80HP-MOTOR1.4,4,COMPRA,Ótimo,Veículo,Ativa,Flex,01067491-8,955595568,FAR. FARMACIA,FAR--SERVICOS GERAIS,PAS/AUTOMOVEL,DEDICADO,178F3011*8026626*,5,3085121004481720,UNIVERSIDADE FEDERAL DE MINAS GERAIS - UFMG,,,88821,21/02/2008,,379649,"29.175,00",0,0,COMPRA,01067491-8,0,
80,GMF5424,PALIO ELX FLEX,FIAT,2008,Flex,9BD17140A85178018,BRANCA,IV,80HP-MOTOR1.4,4,COMPRA,Ótimo,Veículo,Ativa,Flex,01067490-1,955596165,PRO REITORIA DE ADM.,PRA-DLO-DITRA,PAS/AUTOMOVEL,DEDICADO,178F3011*80227364*,5,3085121004481730,UNIVERSIDADE FEDERAL DE MINAS GERAIS - UFMG,,,186634,21/02/2008,,379648,"29.175,00",0,0,COMPRA,01067490-1,0,
81,GMF5425,PALIO ELX FLEX,FIAT,2008,Gasolina,9BD17140A85177889,BRANCA,IV,80HP-MOTOR1.4,4,COMPRA,Ótimo,Veículo,Ativa,Gasolina,01067489-6,955597897,PRO REITORIA DE ADM.,PRA-DLO-DITRA,PAS/AUTOMOVEL,DEDICADO,178F3011*8027010*,5,3085121004481740,UNIVERSIDADE FEDERAL DE MINAS GERAIS - UFMG,,,36698,21/02/2008,,379647,"29.175,00",0,0,COMPRA,01067489-6,0,
82,GMF5426,PALIO ELX FLEX,FIAT,2008,Flex,9BD17140A85178059,BRANCA,IV,80HP-MOTOR1.4,4,COMPRA,Ótimo,Veículo,Ativa,Flex,01067493-4,955598923,CP ESC. FUND. CENTRO PEDAGÓGICO,CP SERVIÇOS GERAIS,PAS/AUTOMOVEL,DEDICADO,178F3011*8027353*,5,3085121004481750,UNIVERSIDADE FEDERAL DE MINAS GERAIS - UFMG,,,167375,21/02/2008,,379651,"29.175,00",0,0,COMPRA,01067493-4,0,
83,GMF5427,PALIO ELX FLEX,FIAT,2008,Flex,9BD17140A85178053,BRANCA,IV,80HP-MOTOR1.4,4,COMPRA,Ótimo,Veículo,Ativa,Flex,01067492-6,955599806,ESC. CIENC. INFORMACAO,ESC. CIENC. INFORMACAO-SGER,PAS/AUTOMOVEL,DEDICADO,178F3011*8027360*,5,3085121004481760,UNIVERSIDADE FEDERAL DE MINAS GERAIS - UFMG,,,38959,21/02/2008,,379650,"29.175,00",0,0,COMPRA,01067492-6,0,
84,GMF5428,PALIO ELX FLEX,FIAT,2008,Outros,9BD17140A85178064,BRANCA,IV,80HP-MOTOR1.4,4,COMPRA,Ótimo,Veículo,Ativa,Outros,01067494-2,955600421,PRO REITORIA DE ADM.,PRA-DLO-DITRA,PAS/AUTOMOVEL,DEDICADO,17F3011*8027008*,5,3085121004481770,UNIVERSIDADE FEDERAL DE MINAS GERAIS - UFMG,,,136689,21/02/2008,,379652,"29.175,00",0,0,COMPRA,01067494-2,0,
85,GMF5702,KOMBI - STANDARD,VOLKSWAGEN,2008,Flex,9BWMF07X89P016959,BRANCA,IV,80CV,,COMPRA,Ótimo,Veículo,Ativa,Flex,01079709-2,116072245,INST. CIENC. EXATAS,INST. CIENC. EXATAS-SERVICOS GERAIS,MIS/CAMION./C.FECHADA,DEDICADO,,,3085121004481780,UNIVERSIDADE FEDERAL DE MINAS GERAIS - UFMG,,,113840,12/09/2008,,404128,"41.400,00",0,0,COMPRA,01079709-2,0,
86,GMF5703,KOMBI - STANDARD,VOLKSWAGEN,2008,Flex,9BWMF07X99P017067,BRANCA,IV,80CV,,COMPRA,Ótimo,Grupo Gerencial,Ativa,Flex,01079708-4,116072458,ICA INSTITUTO DE CIENC. AGRARIAS,ICA SERVIÇOS GERAIS,MIS/CAMION./C.FECHADA,DEDICADO,,,3085121004481790,UNIVERSIDADE FEDERAL DE MINAS GERAIS - UFMG,,,58758,12/09/2008,,404129,"41.400,00",0,0,COMPRA,01079708-4,0,
87,GMF5704,KOMBI - STANDARD,VOLKSWAGEN,2008,Flex,9BWMF07X89P017013,BRANCA,IV,80 CV,,COMPRA,Ótimo,Veículo,Ativa,Flex,01079707-6,116072628,VET.ESC. VETERINARIA,VET-SERVICOS GERAIS,MIS/CAMION./C.FECHADA,DEDICADO,,,3085121004481800,UNIVERSIDADE FEDERAL DE MINAS GERAIS - UFMG,,,133369,12/09/2008,,404130,"41.400,00",0,0,COMPRA,01079707-6,0,
88,GMF5705,PARATI 1.6 PLUS,VOLKSWAGEN,2008,Flex,9BWGB05W29T088766,BRANCA,IV,103 CV,,COMPRA,Ótimo,Veículo,Ativa,Flex,01079710-6,116072857,PRO REITORIA DE ADM.,PRA-DLO-DSU,PAS/AUTOMOVEL,DEDICADO,,,3085121004481810,UNIVERSIDADE FEDERAL DE MINAS GERAIS - UFMG,,,266622,12/09/2008,,404127,"35.350,00",0,0,COMPRA,01079710-6,0,
89,GMF5754,FIESTA 1.6,FORD,2009,Gasolina,9BFZF55P898375101,BRANCA,IV,107CV,4,COMPRA,Ótimo,Grupo Gerencial,Ativa,Gasolina,01082590-8,126226199,FAE FAC. EDUCACAO,FAE GABINETE,PAS/AUTOMOVEL,DEDICADO,QF9A98375101,,3085121004481830,UNIVERSIDADE FEDERAL DE MINAS GERAIS - UFMG,,,124848,02/09/2009,,9672,"31621,66",0,0,COMPRA,01082590-8,0,
90,GMF5755,FIESTA 1.6,FORD,2009,Gasolina,9BFZF55P198375103,BRANCA,IV,107CV,4,COMPRA,Ótimo,Grupo Gerencial,Ativa,Gasolina,01082586-1,126229953,FAC. MEDICINA,FAC. MEDICINA-INTERNATO RURAL,PAS/AUTOMOVEL,DEDICADO,QF9A98375103,,3085121004481840,UNIVERSIDADE FEDERAL DE MINAS GERAIS - UFMG,,,243052,02/09/2009,,9668,"31621,66",0,0,COMPRA,01082586-1,0,
91,GMF5756,FIESTA 1.6,FORD,2009,Gasolina,9BFZF55P398375104,BRANCA,IV,107CV,4,COMPRA,Ótimo,Grupo Gerencial,Ativa,Gasolina,01082587-8,126233764,ESC. MUSICA,ESC. MUSICA-SERVICOS GERAIS,PAS/AUTOMOVEL,DEDICADO,QF9A98375104,,3085121004481850,UNIVERSIDADE FEDERAL DE MINAS GERAIS - UFMG,,,67468,02/09/2009,,9669,"31621,66",0,0,COMPRA,01082587-8,0,
92,GMF5757,FIESTA 1.6,FORD,2009,Gasolina,9BFZF55P598375105,BRANCA,IV,107CV,4,COMPRA,Ótimo,Grupo Gerencial,Ativa,Gasolina,01082588-6,126236828,PRO REITORIA DE ADM.,PRA-DLO-DITRA,PAS/AUTOMOVEL,DEDICADO,9BFZF55P598375105,,3085121004481860,UNIVERSIDADE FEDERAL DE MINAS GERAIS - UFMG,,,128087,03/05/2009,,9670,"31621,66",0,0,COMPRA,01082588-6,0,
93,GMF5758,FIESTA 1.6,FORD,2009,Gasolina,9BFZF55P798375106,BRANCA,IV,107CV,4,COMPRA,Ótimo,Grupo Gerencial,Ativa,Gasolina,01082589-4,126250480,PRO REITORIA DE ADM.,PRA-DGA-AREAS VERDES,PAS/AUTOMOVEL,DEDICADO,QF9A98375106,,3085121004481870,UNIVERSIDADE FEDERAL DE MINAS GERAIS - UFMG,,,122055,02/09/2009,,9671,"31621,66",0,0,COMPRA,01082589-4,0,
94,GMF5759,FIESTA 1.6,FORD,2009,Gasolina,9BFZF55P998375107,BRANCA,IV,107CV,4,COMPRA ,Ótimo,Veículo,Ativa,Gasolina,01082591-6,126253110,PRO REITORIA DE ADM.,PRA-SEC. ADM,PAS/AUTOMOVEL,DEDICADO,QF9A98375107,,3085121004481880,UNIVERSIDADE FEDERAL DE MINAS GERAIS - UFMG,,,96363,02/09/2009,,9673,"31621,66",0,0,COMPRA ,01082591-6,0,
95,GMF5815,SIENA ELX FLEX,FIAT,2009,Gasolina,9BD17201M93488219,BRANCA,IV,,,DOACAO CONTRATO-196/2009,Ótimo,Grupo Gerencial,Ativa,Gasolina,01081702-6,134214030,FAC. MEDICINA,FAC. MEDICINA-NESCON,PAS/AUTOMOVEL,DEDICADO,,,3085121004481890,UNIVERSIDADE FEDERAL DE MINAS GERAIS - UFMG,,,190029,04/07/2009,,0,"35.245,00",0,0,DOACAO CONTRATO-196/2009,01081702-6,0,
96,GMF5930,LOGAN EXP 1.0 16 V,RENAULT,2009,Gasolina,93YLSR7GH9J235879,BRANCA,IV,1.0   076 CV,4,DOACAO TERMO 2013000044,Ótimo,Veículo,Ativa,Gasolina,01200340-9,142773050,PRORH ,PRORH-DAST-SEC. ADM,PAS/AUTOMOVEL,DEDICADO,,,,UNIVERSIDADE FEDERAL DE MINAS GERAIS - UFMG,,,112313,27/09/2013,,0,"31262,13",0,0,DOACAO TERMO 2013000044,01200340-9,0,
97,GMF5985,COMIL VERSATILE,AGRALE,2009,Diesel,9BYC51A1A9C000696,BRANCA,IV,,4,COMPRA,Ótimo,Veículo,Ativa,Diesel,01094021-9,149366523,VET.ESC. VETERINARIA,VET-SERVICOS GERAIS,PAS/ONIBUS,DEDICADO,,,3085121004481900,UNIVERSIDADE FEDERAL DE MINAS GERAIS - UFMG,,,167847,25/06/2009,,223414,"234599,99",0,0,COMPRA,01094021-9,0,
98,GMF5986,COMIL VERSATILE,AGRALE,2009,Diesel,9BYC51A1A9C000695,BRANCA,IV,,4,COMPRA,Ótimo,Veículo,Ativa,Diesel,01094022-7,148162843,IGC INST.GEOCIENCIAS,IGC SERVICOS GERAIS,PAS/ONIBUS,DEDICADO,,,3085121004481910,UNIVERSIDADE FEDERAL DE MINAS GERAIS - UFMG,,,164580,25/06/2009,,223556,"234599,99",0,0,COMPRA,01094022-7,0,
99,GMF6355,KOMBI - STANDARD,VOLKSWAGEN,2010,Flex,9BWMF07X6BP003472,BRANCA,IV,1.4 80 CV,4,COMPRA,Ótimo,Veículo,Ativa,Flex,01114304-5,214991911,PRO REITORIA DE ADM.,PRA-DLO-DITRA,MIS/CAMION./C.FECHADA,DEDICADO,,,3085121004481920,UNIVERSIDADE FEDERAL DE MINAS GERAIS - UFMG,,,73175,14/06/2010,,570784,"44.260,00",0,0,COMPRA,01114304-5,0,
100,GMF6384,ONIBUS MAXIBUS MC 085,AGRALE,2010,Diesel,9BYC22Y1SAC005037,BRANCA,IV,150 CV,4,COMPRA,Ótimo,Grupo Gerencial,Ativa,Diesel,01114328-2,230654550,COLTEC,COLTEC-SECAO LOGISTICA OPERAC. E PREDIAL,PAS/ONIBUS,DEDICADO,,,3085121004481930,UNIVERSIDADE FEDERAL DE MINAS GERAIS - UFMG,,,73485,08/06/2010,,178,"178.900,00",0,0,COMPRA,01114328-2,0,
101,GMF6458,SENTRA 2.0 FLEX,NISSAN,2010,Gasolina,3N1AB6AD8BL600793,PRETA,III,143CV,4,COMPRA,Ótimo,Grupo Gerencial,Ativa,Gasolina,01114354-1,255719132,REI-GABINETE REITOR ADM,REI-SECRETARIA ADMINISTRATIVA,PAS/AUTOMOVEL,DEDICADO,,,3085121004481940,UNIVERSIDADE FEDERAL DE MINAS GERAIS - UFMG,,,137229,28/10/2010,,55804,"47.450,00",0,0,COMPRA,01114354-1,0,
102,GMF6459,SENTRA 2.0 FLEX,NISSAN,2010,Gasolina,3N1AB6AD1BL600523,PRETA,III,143 CV,4,COMPRA,Ótimo,Veículo,Ativa,Gasolina,01114353-3,255731370,REI-GABINETE REITOR ADM,REI-SECRETARIA ADMINISTRATIVA,PAS/AUTOMOVEL,DEDICADO,,,3085121004481950,UNIVERSIDADE FEDERAL DE MINAS GERAIS - UFMG,,,155454,28/10/2010,,55803,"47.450,00",0,0,COMPRA,01114353-3,0,
103,GMF6462,ÔNIBUS MARCOPOLO/ VOLARE W8 ON,MARCOPOLO,2010,Diesel,93PB12E3PBC035039,BRANCA,IV,150CV,4,COMPRA,Ótimo,Grupo Gerencial,Ativa,Diesel,01114355-1,256004145,ICA INSTITUTO DE CIENC. AGRARIAS,ICA SERVIÇOS GERAIS,PAS/MICROONIBUS,DEDICADO,,,3085121004481960,UNIVERSIDADE FEDERAL DE MINAS GERAIS - UFMG,,,79173,29/10/2010,,37694,"139.600,00",0,0,COMPRA,01114355-1,0,
104,GMF6494,RANGER XL,FORD,2010,Diesel,8AFER13P4BJ348528,BRANCA,IV,163CV,4,COMPRA,Ótimo,Grupo Gerencial,Ativa,Diesel,11144807,268089000,PROGRAD,PROGRAD CAED ENSINO A DISTANCIA,CAR/CAMION./C.ABERTA,DEDICADO,D56302431,,3085121004645790,UNIVERSIDADE FEDERAL DE MINAS GERAIS - UFMG,,,140649,12/06/2010,,106485,"84.900,00",0,0,COMPRA,11144807,0,
105,GMF6524,VAN DUCATO MINIBUS,FIAT,2010,Diesel,93W244M24B2067595,BRANCA,IV,127 CV,4,COMPRA,Ótimo,Veículo,Ativa,Diesel,01114521-8,273410857,ICA INSTITUTO DE CIENC. AGRARIAS,ICA SERVIÇOS GERAIS,PAS/MICROONIBUS,DEDICADO,,,3085121004645800,UNIVERSIDADE FEDERAL DE MINAS GERAIS - UFMG,,,101900,01/03/2011,,853012,"92.000,00",0,0,COMPRA,01114521-8,0,
106,GMF6525,DOBLO HLX,FIAT,2010,Gasolina,9BD119209B1076255,BRANCA,IV,132 CV,4,COMPRA,Ótimo,Veículo,Ativa,Gasolina,1140231-8,273611755,FAC. MEDICINA,FAC. MEDICINA-INTERNATO RURAL,PAS/AUTOMOVEL,DEDICADO,,,3085121004645890,UNIVERSIDADE FEDERAL DE MINAS GERAIS - UFMG,,,93314,01/03/2011,,877795,"61.736,00",0,0,COMPRA,1140231-8,0,
107,GMF6526,PALIO WK ATTRAC,FIAT,2010,Gasolina,9BD17307MB4341858,BRANCA,IV,086 CV,4,DOACAO TERMO 3535/2010,Ótimo,Veículo,Ativa,Gasolina,01114511-1,273395050,FAC. MEDICINA,FAC. MEDICINA-NESCON,PAS/AUTOMOVEL,DEDICADO,,,3085121004645910,UNIVERSIDADE FEDERAL DE MINAS GERAIS - UFMG,,,156436,01/03/2011,,0,"42.780,00",0,0,DOACAO TERMO 3535/2010,01114511-1,0,
108,GMF6535,UNO MILLE ECONOMY,FIAT,2010,Flex,9BD15822AB6547454,BRANCA,IV,066CV,4,COMPRA,Ótimo,Veículo,Ativa,Flex,01114523-4,274939185,ICA INSTITUTO DE CIENC. AGRARIAS,ICA SERVIÇOS GERAIS,PAS/AUTOMOVEL,DEDICADO,,,3085121004646020,UNIVERSIDADE FEDERAL DE MINAS GERAIS - UFMG,,,110078,01/07/2011,,899992,"26.730,00",0,0,COMPRA,01114523-4,0,
109,GMF6538,VAN SPRINTER,MERCEDES BENZ,2010,Diesel,8AC904663BE039500,BRANCA,IV,129 CV,4,COMPRA,Ótimo,Veículo,Ativa,Diesel,01125477-7,276270754,ICB-INST. CIENC. BIOLOGIAS,ICB-SERVICOS GERAIS,PAS/MICROONIBUS,DEDICADO,,,3085121004646060,UNIVERSIDADE FEDERAL DE MINAS GERAIS - UFMG,,,151446,01/10/2011,,79,"143.000,00",0,0,COMPRA,01125477-7,0,
110,GMF6543,KOMBI - STANDARD,VOLKSWAGEN,2010,Flex,9BWMF07X5BP018089,BRANCA,IV,80 CV,4,COMPRA,Ótimo,Veículo,Ativa,Flex,01125474-2,279334834,CP ESC. FUND. CENTRO PEDAGÓGICO,CP SERVIÇOS GERAIS,MIS/CAMION./C.FECHADA,DEDICADO,,,3085121004646080,UNIVERSIDADE FEDERAL DE MINAS GERAIS - UFMG,,,34033,13/01/2011,,751111,"44.260,00",0,0,COMPRA,01125474-2,0,
111,GMF6544,KOMBI - STANDARD,VOLKSWAGEN,2010,Flex,9BWMF07X0BP017612,BRANCA,IV,80 CV,4,COMPRA,Ótimo,Veículo,Ativa,Flex,01125475-1,279337418,DEMAI,DEMAI HIDRAULICA ,MIS/CAMION./C.FECHADA,DEDICADO,,,3085121004646100,UNIVERSIDADE FEDERAL DE MINAS GERAIS - UFMG,,,101431,13/01/2011,,750383,"44.260,00",0,0,COMPRA,01125475-1,0,
112,GMF6545,KOMBI - STANDARD,VOLKSWAGEN,2010,Gasolina,9BWMF07X3BP017989,BRANCA,IV,580 CV,4,COMPRA,Ótimo,Veículo,Ativa,Gasolina,01125476-9,279341920,FAFICH FAC. FILOS. CIENCIAS HUMANAS,FAFICH-GABINETE,MIS/CAMION./C.FECHADA,DEDICADO,,,3085121004646140,UNIVERSIDADE FEDERAL DE MINAS GERAIS - UFMG,,,39415,13/01/2011,,750383,"44.260,00",0,0,COMPRA,01125476-9,0,
113,GMF6583,FIESTA 1.6,FORD,2011,Gasolina,9BFZF55P7B8164638,BRANCA,IV,"1,6",4,COMPRA,Ótimo,Veículo,Ativa,Gasolina,11330902,284209988,PROEX,PROEX-SEC. ADM,PAS/AUTOMOVEL,DEDICADO,,,3085121005130640,UNIVERSIDADE FEDERAL DE MINAS GERAIS - UFMG,,,121440,16/02/2011,,117316,"35.900,00",0,0,COMPRA,11330902,0,
114,GMF6584,FIESTA 1.6,FORD,2011,Gasolina,9BFZF55P5B8164718,BRANCA,IV,"1,6",4,COMPRA,Ótimo,Grupo Gerencial,Ativa,Gasolina,11330899,284204838,PRO REITORIA DE ADM.,PRA-DLO-DITRA,PAS/AUTOMOVEL,DEDICADO,,,3085121005130670,UNIVERSIDADE FEDERAL DE MINAS GERAIS - UFMG,,,80000,16/02/2011,,117315,"35.900,00",0,0,COMPRA,11330899,0,
115,GMF6598,REBOQUE,REBOQUE,2011,Outros,9A9AG2CACBFDC8050,VERMELHA,IV,,,COMPRA,Ótimo,Veículo,Ativa,Outros,01130126-1,291797210,DEMAI,DEMAI-CIVIL,CAR/REBOQUE/C.ABERTA,DEDICADO,,,,UNIVERSIDADE FEDERAL DE MINAS GERAIS - UFMG,,,0,25/02/2011,,144,"6.099,00",0,0,COMPRA,01130126-1,0,
116,GMF6599,REBOQUE,REBOQUE,2011,Outros,9A9AP1FAZBFDC8794,VERMELHA,IV,,,COMPRA,Ótimo,Veículo,Ativa,Outros,01130123-6,286111829,ICA INSTITUTO DE CIENC. AGRARIAS,ICA SERVIÇOS GERAIS,CAR/REBOQUE/C.ABERTA,DEDICADO,,,,UNIVERSIDADE FEDERAL DE MINAS GERAIS - UFMG,,,0,25/02/2011,,143,"4.185,00",0,0,COMPRA,01130123-6,0,
117,GMF6642,VAN DUCATO MINIBUS,FIAT,2011,Diesel,93W245L34B2070926,BRANCA,IV,127 CV,4,COMPRA,Ótimo,Veículo,Ativa,Diesel,01139356-4,310018960,VET.ESC. VETERINARIA,VET-SERVICOS GERAIS,PAS/MICROONIBUS,DEDICADO,,,3085121005255430,UNIVERSIDADE FEDERAL DE MINAS GERAIS - UFMG,,,179245,31/03/2011,,12629,"103.000,00",0,0,COMPRA,01139356-4,0,
118,GMF6744,ONIBUS OH 1628L ROD.LINCE,MERCEDES BENZ,2010,Diesel,9BM634011BB750235,BRANCA,IV,360 CV,6,COMPRA,Ótimo,Veículo,Ativa,Diesel,001145857-7,334098041,PRO REITORIA DE ADM.,PRA-DLO-DITRA,PAS/ONIBUS,DEDICADO,,,,UNIVERSIDADE FEDERAL DE MINAS GERAIS - UFMG,,,129434,07/01/2011,,347,"478.000,00",0,0,COMPRA,001145857-7,0,
119,GMF6754,AMBULANCIA DAYLE 45S14,IVECO,2011,Diesel,93ZK42A01B8425889,BRANCA,V,136 CV,4,COMPRA,Ótimo,Veículo,Ativa,Diesel,01145985-9,336871970,VET.ESC. VETERINARIA,VET-SERVICOS GERAIS,CAR/CAMION./FURGAO,DEDICADO,,,,UNIVERSIDADE FEDERAL DE MINAS GERAIS - UFMG,,,48596,18/07/2011,,85463,"129.000,00",0,0,COMPRA,01145985-9,0,
120,GMF6842,KOMBI - STANDARD,VOLKSWAGEN,2011,Flex,9BWMF07X3CP017766,BRANCA,IV,80 CV,4,COMPRA,Ótimo,Veículo,Ativa,Flex,01162370-5,421108843,DEMAI,DEMAI DIV. MAQ. EQUIP. ESPECIAIS,MIS/CAMION./C.FECHADA,DEDICADO,BTJ 781662,,,UNIVERSIDADE FEDERAL DE MINAS GERAIS - UFMG,,,121619,16/01/2012,,91889,"49.000,00",0,0,COMPRA,01162370-5,0,
121,GMF6843,KOMBI - STANDARD,VOLKSWAGEN,2011,Flex,9BWMF07X2CP017984,BRANCA,IV,80 CV,4,COMPRA,Ótimo,Veículo,Ativa,Flex,01162374-8,421105631,VET.ESC. VETERINARIA,VET-SERVICOS GERAIS,MIS/CAMION./C.FECHADA,DEDICADO,BTJ781901,,,UNIVERSIDADE FEDERAL DE MINAS GERAIS - UFMG,,,152092,16/01/2012,,91888,"49.000,00",0,0,COMPRA,01162374-8,0,
122,GMF6844,KOMBI - STANDARD,VOLKSWAGEN,2011,Flex,9BWMF07X5CP017753,BRANCA,IV,80 CV,4,COMPRA,Ótimo,Veículo,Ativa,Flex,01162372-1,421100923,PRO REITORIA DE ADM.,PRA-DLO-DITRA,MIS/CAMION./C.FECHADA,DEDICADO,BTJ781303,,,UNIVERSIDADE FEDERAL DE MINAS GERAIS - UFMG,,,33968,16/01/2012,,91890,"49.000,00",0,0,COMPRA,01162372-1,0,
123,GMF6845,KOMBI - STANDARD,VOLKSWAGEN,2011,Flex,9BWMF07X8CP017911,BRANCA,IV,80 CV,4,COMPRA,Ótimo,Veículo,Ativa,Flex,01162373-1,421092726,PRO REITORIA DE ADM.,PRA-DLO-MALOTE,MIS/CAMION./C.FECHADA,DEDICADO,BTJ781949,,,UNIVERSIDADE FEDERAL DE MINAS GERAIS - UFMG,,,71546,16/01/2012,,91891,"49.000,00",0,0,COMPRA,01162373-1,0,
124,GMF6846,KOMBI - STANDARD,VOLKSWAGEN,2011,Flex,9BWMF07X8CP018010,BRANCA,IV,80 CV,4,COMPRA,Ótimo,Veículo,Ativa,Flex,01162375-6,421085355,VET.ESC. VETERINARIA,VET-SERVICOS GERAIS,MIS/CAMION./C.FECHADA,DEDICADO,BTJ781727,,,UNIVERSIDADE FEDERAL DE MINAS GERAIS - UFMG,,,99556,16/01/2012,,91892,"49.000,00",0,0,COMPRA,01162375-6,0,
125,GMF6847,SPACEFOX TREND GII,VOLKSWAGEN,2011,Flex,9BWPB05Z0C4051341,BRANCA,IV,104 CV,4,COMPRA,Ótimo,Veículo,Ativa,Flex,01162371-3,421078049,COLTEC,COLTEC-SECAO LOGISTICA OPERAC. E PREDIAL,PAS/AUTOMOVEL,DEDICADO,CCR520650,,,UNIVERSIDADE FEDERAL DE MINAS GERAIS - UFMG,,,121095,16/01/2012,,481448,"46252,57",0,0,COMPRA,01162371-3,0,
126,GMF6848,SPACEFOX TREND GII,VOLKSWAGEN,2011,Flex,9BWPB05ZXC4027175,BRANCA,IV,104 CV,4,COMPRA,Ótimo,Veículo,Ativa,Flex,01162377-2,421023970,ENG - ESC. ENGENHARIA,ENG-SERVICOS GERAIS,PAS/AUTOMOVEL,DEDICADO,CCR L63875,,,UNIVERSIDADE FEDERAL DE MINAS GERAIS - UFMG,,,129025,16/01/2012,,481447,"46252,57",0,0,COMPRA,01162377-2,0,
127,GMF6849,SPACECROSS GII,VOLKSWAGEN,2011,Flex,8AWPB45Z2CA519386,BRANCA,IV,104 CV,4,COMPRA,Ótimo,Veículo,Ativa,Flex,01162376-4,421098686,IGC INST.GEOCIENCIAS,IGC SERVICOS GERAIS,PAS/AUTOMOVEL,DEDICADO,CCR 270834,,,UNIVERSIDADE FEDERAL DE MINAS GERAIS - UFMG,,,90057,16/01/2012,,180311,"54.900,00",0,0,COMPRA,01162376-4,0,
128,GMF6891,"SAVEIRO 1,6 CE",VOLKSWAGEN,2012,Flex,9BWLB05U0CP177944,BRANCA,V,104 CV,4,COMPRA,Ótimo,Veículo,Ativa,Flex,01165880-1,451524217,PRO REITORIA DE ADM.,PRA-DLO-DSU,CAR/CAMION./C.ABERTA,DEDICADO,CCRM61571,,,UNIVERSIDADE FEDERAL DE MINAS GERAIS - UFMG,,,176118,02/03/2012,,128878,"36771,68",0,0,COMPRA,01165880-1,0,
129,GMF6928,MARCOPOLO VOLARE W9 ,MARCOPOLO,2012,Diesel,93PB40N31CC041091,BRANCA,IV,165CV,4,COMPRA,Ótimo,Veículo,Ativa,Diesel,01166467-3,458993670,FAFICH FAC. FILOS. CIENCIAS HUMANAS,FAFICH CIENCIAS SOCIAIS AMBIENTAIS,PAS/ONIBUS,DEDICADO,UIA-000066,,,UNIVERSIDADE FEDERAL DE MINAS GERAIS - UFMG,,,113473,04/03/2012,,24020,"190.000,00",0,0,COMPRA,01166467-3,0,
130,GMF6929,SPACEFOX TREND GII,VOLKSWAGEN,2012,Flex,9BWPB45Z9C4126528,BRANCA,IV,104 CV,4,COMPRA,Ótimo,Veículo,Ativa,Flex,01171380-1,459605364,ENF-ESC. ENFERMAGEM,ENF-SERVICOS GERAIS,PAS/AUTOMOVEL,DEDICADO,CCR M68733,,,UNIVERSIDADE FEDERAL DE MINAS GERAIS - UFMG,,,86345,04/03/2012,,522110,"46252,57",0,0,COMPRA,01171380-1,0,
131,GMF6932,SPACEFOX TREND GII,VOLKSWAGEN,2012,Flex,9BWPB45Z9C4147413,BRANCA,IV,104CV,4,COMPRA,Ótimo,Veículo,Ativa,Flex,01171489-1,460608290,INST. CIENC. EXATAS,INST. CIENC. EXATAS-SERVICOS GERAIS,PAS/AUTOMOVEL,DEDICADO,CCR-M95445,,,UNIVERSIDADE FEDERAL DE MINAS GERAIS - UFMG,,,125373,04/12/2012,,534548,"46252,57",0,0,COMPRA,01171489-1,0,
132,GMF6933,DAILY NIKS MIC 20,IVECO,2011,Diesel,93ZK53B01C8436673,BRANCA,IV,155 CV,4,COMPRA,Ótimo,Veículo,Ativa,Diesel,01171406-9,460696246,COLTEC,COLTEC-SECAO LOGISTICA OPERAC. E PREDIAL,PAS/MICROONIBUS,DEDICADO,FICE0481N*713802*,,,UNIVERSIDADE FEDERAL DE MINAS GERAIS - UFMG,,,87680,04/12/2012,,460,"144.500,00",0,0,COMPRA,01171406-9,0,
133,GMF6934,DAILY NIKS MIC 20,IVECO,2011,Diesel,93ZK53B01C8436606,BRANCA,IV,155 CV,4,COMPRA,Ótimo,Veículo,Ativa,Diesel,01171407-7,460692313,PRO REITORIA DE ADM.,PRA-DLO-DITRA,PAS/MICROONIBUS,DEDICADO,FICE0481N*7126791*,,,UNIVERSIDADE FEDERAL DE MINAS GERAIS - UFMG,,,116528,04/12/2012,,461,"144.500,00",0,0,COMPRA,01171407-7,0,
134,GMF6939,SPACEFOX TREND GII,VOLKSWAGEN,2012,Flex,9BWPB45Z2C4143185,BRANCA,IV,104 CV,4,COMPRA,Ótimo,Veículo,Ativa,Flex,01171498-1,462899632,ICB-INST. CIENC. BIOLOGIAS,ICB-SERVICOS GERAIS,PAS/AUTOMOVEL,DEDICADO,CCR M92179,,,UNIVERSIDADE FEDERAL DE MINAS GERAIS - UFMG,,,157116,24/04/2012,,540925,"46252,57",0,0,COMPRA,01171498-1,0,
135,GMF6946,MARCOPOLO VOLARE W9 ,AGRALE,2012,Diesel,93PB40N31CC041321,BRANCA,IV,165 CV,4,COMPRA,Ótimo,Veículo,Ativa,Diesel,01171530-8,464541948,ICB-INST. CIENC. BIOLOGIAS,ICB-SERVICOS GERAIS,PAS/ONIBUS,DEDICADO,UIA000267,,,UNIVERSIDADE FEDERAL DE MINAS GERAIS - UFMG,,,148400,05/08/2012,,25063,"200.000,00",0,0,COMPRA,01171530-8,0,
136,GMF6947,MARCOPOLO VOLARE W9 ,AGRALE,2012,Diesel,93PB40N31CC041322,BRANCA,IV,165 CV,4,COMPRA,Ótimo,Veículo,Ativa,Diesel,01171531-6,463729579,PRO REITORIA DE ADM.,PRA-DLO-DITRA,PAS/ONIBUS,DEDICADO,UIA000287,,,UNIVERSIDADE FEDERAL DE MINAS GERAIS - UFMG,,,86102,05/08/2012,,25062,"200.000,00",0,0,COMPRA,01171531-6,0,
137,GMF6987,"SAVEIRO 1,6 CE",VOLKSWAGEN,2012,Flex,9BWLB05U4DP047960,BRANCA,IV,,4,COMPRA,Ótimo,Veículo,Ativa,Flex,01171862-5,470618744,PRO REITORIA DE ADM.,PRA-DGA-AREAS VERDES,CAR/CAMION./C.ABERTA,DEDICADO,CCR N38020,,,UNIVERSIDADE FEDERAL DE MINAS GERAIS - UFMG,,,76298,20/06/2012,,248581,"36771,68",0,0,COMPRA,01171862-5,0,
138,GMF7096,SPACEFOX TREND GII,VOLKSWAGEN,2012,Gasolina,9BWPB45Z7D4076441,BRANCA,V,104 CV,4,COMPRA,Ótimo,Veículo,Ativa,Gasolina,01176423-6,487214129,PRO REITORIA DE ADM.,PRA-DLO-DITRA-LEILAO,PAS/AUTOMOVEL,DEDICADO,CCR N93517,,,UNIVERSIDADE FEDERAL DE MINAS GERAIS - UFMG,,,144320,20/09/2012,,643251,"44.049,00",0,0,COMPRA,01176423-6,0,
139,GMF7097,KOMBI STANDARD ,VOLKSWAGEN,2012,Flex,9BWMF07X0DP008914,BRANCA,IV,80 CV,4,COMPRA,Ótimo,Veículo,Ativa,Flex,01176419-8,487201299,DEMAI,DEMAI SERVICOS GERAIS,MIS/CAMION./C.FECHADA,DEDICADO,BTJ 802961,,,UNIVERSIDADE FEDERAL DE MINAS GERAIS - UFMG,,,71451,20/09/2012,,349691,"47.483,00",0,0,COMPRA,01176419-8,0,
140,GMF7098,SPACEFOX TREND GII,VOLKSWAGEN,2012,Flex,9BWPB45Z7D4076603,BRANCA,IV,104 CV,4,COMPRA,Ótimo,Veículo,Ativa,Flex,01176424-4,487214331,PRO REITORIA DE ADM.,PRA-DLO-DITRA,PAS/AUTOMOVEL,DEDICADO,CCR N93559,,,UNIVERSIDADE FEDERAL DE MINAS GERAIS - UFMG,,,103578,20/09/2012,,643252,"44.049,00",0,0,COMPRA,01176424-4,0,
141,GMF7099,SPACEFOX TREND GII,VOLKSWAGEN,2012,Flex,9BWPB45Z0D4076670,BRANCA,IV,104-CV,4,COMPRA,Ótimo,Veículo,Ativa,Flex,01176421-1,487202511,EBA ESC. BELAS ARTES,EBA DIRETORIA,PAS/AUTOMOVEL,DEDICADO,CCR-N93557,,,UNIVERSIDADE FEDERAL DE MINAS GERAIS - UFMG,,,33073,20/09/2012,,643249,"44.049,00",0,0,COMPRA,01176421-1,0,
142,GMF7100,SPACEFOX TREND GII,VOLKSWAGEN,2012,Flex,9BWPB45Z4D4077188,BRANCA,IV,104 CV,4,COMPRA,Ótimo,Veículo,Ativa,Flex,01176422-8,487204590,EEFFTO ESC. EDUC. FIS. FISIO.TERAP. OCUP,EEFFTO-GABINETE DO DIRETOR,PAS/AUTOMOVEL,DEDICADO,CCR N96111,,,UNIVERSIDADE FEDERAL DE MINAS GERAIS - UFMG,,,105000,20/09/2012,,643250,"44.049,00",0,0,COMPRA,01176422-8,0,
143,GMF7101,SPACEFOX TREND GII,VOLKSWAGEN,2012,Flex,9BWPB45Z9D4077512,BRANCA,IV,104 CV,4,COMPRA,Ótimo,Veículo,Ativa,Flex,01176425-2,487208048,VET.ESC. VETERINARIA,VET-SERVICOS GERAIS,PAS/AUTOMOVEL,DEDICADO,CCR N96117,,,UNIVERSIDADE FEDERAL DE MINAS GERAIS - UFMG,,,188065,20/09/2012,,643253,"44.049,00",0,0,COMPRA,01176425-2,0,
144,GMF7102,SPACEFOX TREND GII,VOLKSWAGEN,2012,Gasolina,9BWPB45Z8D4076528,BRANCA,IV,104 CV,4,COMPRA,Ótimo,Veículo,Ativa,Gasolina,01176420-1,487224191,ODONTO FAC. ODONTOLOGIA,ODONTO -SERVICOS GERAIS,PAS/AUTOMOVEL,DEDICADO,CCR N93566,,,UNIVERSIDADE FEDERAL DE MINAS GERAIS - UFMG,,,25768,20/09/2012,,643285,"44.049,00",0,0,COMPRA,01176420-1,0,
145,GMF7176,AMAROK CD 4X4 SE,VOLKSWAGEN,2012,Diesel,WV1DB42HXDA006321,BRANCA,IV,180 CV,4,COMPRA,Ótimo,Veículo,Ativa,Diesel,01182974-5,504171810,EDITORA,EDITORA-SEC. ADM,ESP/CAMIONETE/AB.CAB.DUPLA,DEDICADO,CNE017264,,,UNIVERSIDADE FEDERAL DE MINAS GERAIS - UFMG,,,132588,01/07/2013,,155011,"103486,58",0,0,COMPRA,01182974-5,0,
146,GMF7177,AMAROK CD 4X4 SE,VOLKSWAGEN,2012,Diesel,WV1DB42H8DA005006,PRATA,IV,180 CV,4,COMPRA,Ótimo,Veículo,Ativa,Diesel,01182973-7,504171160,PRO REITORIA DE ADM.,PRA-DLO-DSU,ESP/CAMIONETE/AB.CAB.DUPLA,DEDICADO,CNE 017264,,,UNIVERSIDADE FEDERAL DE MINAS GERAIS - UFMG,,,154249,01/07/2013,,155011,"103486,58",0,0,COMPRA,01182973-7,0,
147,GMF7178,AMAROK CD 4X4 SE,VOLKSWAGEN,2012,Diesel,WV1DB42H2DA006734,BRANCA,IV,180 CV,4,COMPRA,Ótimo,Veículo,Ativa,Diesel,001182975-3,503819654,DEMAI,DEMAI SERVICOS GERAIS,ESP/CAMIONETE/AB.CAB.DUPLA,DEDICADO,CNE018275,,,UNIVERSIDADE FEDERAL DE MINAS GERAIS - UFMG,,,169492,01/07/2013,,155010,"103486,58",0,0,COMPRA,001182975-3,0,
148,GMF7179,AMAROK CD 4X4 SE,VOLKSWAGEN,2012,Diesel,WV1DB42H7DA006549,BRANCA,IV,180 CV,4,COMPRA,Ótimo,Veículo,Ativa,Diesel,001182976-1,504341839,ICA INSTITUTO DE CIENC. AGRARIAS,ICA TRANSPORTES,ESP/CAMIONETE/AB.CAB.DUPLA,DEDICADO,CNE018102,,,UNIVERSIDADE FEDERAL DE MINAS GERAIS - UFMG,,,125948,01/07/2013,,155009,"103486,58",0,0,COMPRA,001182976-1,0,
149,GMF7180,AMAROK CD 4X4 SE,VOLKSWAGEN,2012,Diesel,WV1DB42H9DA006701,BRANCA,IV,180 CV,4,COMPRA,Ótimo,Veículo,Ativa,Diesel,01182977-1,504341227,MUSEU,MUSEU-SERVIÇOS GERAIS,ESP/CAMIONETE/AB.CAB.DUPLA,DEDICADO,CNE 018264,,,UNIVERSIDADE FEDERAL DE MINAS GERAIS - UFMG,,,172689,01/07/2013,,155007,"103486,58",0,0,COMPRA,01182977-1,0,
150,GMF7181,AMAROK CD 4X4 SE,VOLKSWAGEN,2012,Diesel,WV1DB42H9DA006505,BRANCA,IV,180 CV,4,COMPRA,Ótimo,Veículo,Ativa,Diesel,01182978-8,504218190,VET.ESC. VETERINARIA,VET-SERVICOS GERAIS,ESP/CAMIONETE/AB.CAB.DUPLA,DEDICADO,CNE018275,,,UNIVERSIDADE FEDERAL DE MINAS GERAIS - UFMG,,,211460,01/07/2013,,155008,"103486,59",0,0,COMPRA,01182978-8,0,
151,GMF7185,VAN DAYLE GREENCAR,IVECO,2012,Diesel,93ZK53C01D8445457,BRANCA,IV,170 CV,4,COMPRA,Ótimo,Veículo,Ativa,Diesel,01184539-2,504504290,IGC INST.GEOCIENCIAS,IGC SERVICOS GERAIS,PAS/MICROONIBUS,DEDICADO,,,,UNIVERSIDADE FEDERAL DE MINAS GERAIS - UFMG,,,82186,01/09/2013,,543,"144.500,00",0,0,COMPRA,01184539-2,0,
152,GMF7189,VAN DAYLE GREENCAR,IVECO,2012,Diesel,93ZK53C01D8445476,BRANCA,IV,170 CV,4,COMPRA,Ótimo,Veículo,Ativa,Diesel,01184536-8,505325390,ESC. MUSICA,ESC. MUSICA-SERVICOS GERAIS,PAS/MICROONIBUS,DEDICADO,,,,UNIVERSIDADE FEDERAL DE MINAS GERAIS - UFMG,,,26758,14/01/2013,,546,"144.500,00",0,0,COMPRA,01184536-8,0,
153,GMF7226,SPACECROSS GII,VOLKSWAGEN,2012,Flex,8AWPB45Z8DA517255,BRANCA,IV,104CV,4,COMPRA,Ótimo,Veículo,Ativa,Flex,01186276-9,507985303,DDCS-DIR. DIV. COMUN. SOCIAL,DDCS CEDECOM TV UFMG,PAS/AUTOMOVEL,DEDICADO,CCR283542,,,UNIVERSIDADE FEDERAL DE MINAS GERAIS - UFMG,,,99256,02/07/2013,,259986,"55879,76",0,0,COMPRA,01186276-9,0,
154,GMF7227,SPACEFOX TREND GII,VOLKSWAGEN,2013,Flex,9BWPB45Z4D4159339,BRANCA,IV,104CV,4,COMPRA,Ótimo,Veículo,Ativa,Flex,01186279-3,507982169,PRO REITORIA DE ADM.,PRA-DLO-SEC. ADM,PAS/AUTOMOVEL,DEDICADO,CCRP97065,,,UNIVERSIDADE FEDERAL DE MINAS GERAIS - UFMG,,,59235,02/07/2013,,718557,"46988,9",0,0,COMPRA,01186279-3,0,
155,GMF7228,KOMBI STANDARD ,VOLKSWAGEN,2012,Flex,9BWMF07X6DP015298,BRANCA,IV,80 CV,4,COMPRA,Ótimo,Veículo,Ativa,Flex,01186278-5,508411475,PRO REITORIA DE ADM.,PRA-DLO-DITRA,MIS/CAMION./C.FECHADA,DEDICADO,BTJ 809410,,,UNIVERSIDADE FEDERAL DE MINAS GERAIS - UFMG,,,50328,02/07/2013,,471922,"46.200,00",0,0,COMPRA,01186278-5,0,
156,GMF7229,KOMBI STANDARD ,VOLKSWAGEN,2012,Gasolina,9BWMF07X0DP015359,BRANCA,IV,80 CV,4,COMPRA,Ótimo,Veículo,Ativa,Gasolina,01186282-3,508407931,FAC. MEDICINA,FAC. MEDICINA-INTERNATO RURAL,MIS/CAMION./C.FECHADA,DEDICADO,BTJ 809434,,,UNIVERSIDADE FEDERAL DE MINAS GERAIS - UFMG,,,77203,02/07/2013,,468819,"46.200,00",0,0,COMPRA,01186282-3,0,
157,GMF7230,KOMBI STANDARD ,VOLKSWAGEN,2012,Flex,9BWMF07X7DP015360,BRANCA,IV,80 CV,4,COMPRA,Ótimo,Veículo,Ativa,Flex,01186280-7,508602700,DEMAI,DEMAI SERVICOS GERAIS,MIS/CAMION./C.FECHADA,DEDICADO,BTJ 809399,,,UNIVERSIDADE FEDERAL DE MINAS GERAIS - UFMG,,,185532,02/07/2013,,468820,"46.200,00",0,0,COMPRA,01186280-7,0,
158,GMF7232,SPACECROSS GII,VOLKSWAGEN,2012,Gasolina,8AWPB45Z0DA516293,BRANCA,IV,104CV,4,COMPRA,Ótimo,Veículo,Ativa,Gasolina,01186277-7,507980735,FAC. MEDICINA,FAC. MEDICINA-INTERNATO RURAL,PAS/AUTOMOVEL,DEDICADO,CCR283073,,,UNIVERSIDADE FEDERAL DE MINAS GERAIS - UFMG,,,218476,02/07/2013,,259985,"55879,76",0,0,COMPRA,01186277-7,0,
159,GMF7237,SPACEFOX TREND GII,VOLKSWAGEN,2013,Flex,9BWPB45Z7D4167872,BRANCA,IV,104 CV,4,COMPRA,Ótimo,Veículo,Ativa,Flex,01186474-5,509556213,ODONTO FAC. ODONTOLOGIA,ODONTO -SERVICOS GERAIS,PAS/AUTOMOVEL,DEDICADO,CCR A99915,,,UNIVERSIDADE FEDERAL DE MINAS GERAIS - UFMG,,,175339,15/02/2013,,728154,"46988,9",0,0,COMPRA,01186474-5,0,
160,GMF7239,SPACEFOX TREND GII,VOLKSWAGEN,2013,Flex,9BWPB45Z3D4165410,BRANCA,IV,104 CV,4,COMPRA,Ótimo,Veículo,Ativa,Flex,01186472-9,509559387,PRO REITORIA DE ADM.,PRA-DLO-DITRA,PAS/AUTOMOVEL,DEDICADO,CCR Q03708,,,UNIVERSIDADE FEDERAL DE MINAS GERAIS - UFMG,,,92396,15/02/2013,,728152,"46988,9",0,0,COMPRA,01186472-9,0,
161,GMF7240,SPACEFOX TREND GII,VOLKSWAGEN,2013,Flex,9BWPB45Z3D4165200,BRANCA,IV,104 CV,4,COMPRA,Ótimo,Veículo,Ativa,Flex,01186471-1,509550797,ENF-ESC. ENFERMAGEM,ENF-SERVICOS GERAIS,PAS/AUTOMOVEL,DEDICADO,CCR P97100,,,UNIVERSIDADE FEDERAL DE MINAS GERAIS - UFMG,,,110114,15/02/2013,,728151,"46988,9",0,0,COMPRA,01186471-1,0,
162,GMF7241,SPACEFOX TREND GII,VOLKSWAGEN,2013,Gasolina,9BWPB45ZXD4165548,BRANCA,IV,104 CV,4,COMPRA,Ótimo,Veículo,Ativa,Gasolina,01186470-2,509553966,PRO REITORIA DE ADM.,PRA-SEC. ADM,PAS/AUTOMOVEL,DEDICADO,CCRQ03720,,,UNIVERSIDADE FEDERAL DE MINAS GERAIS - UFMG,,,97598,15/02/2013,,728150,"46988,9",0,0,COMPRA,01186470-2,0,
163,GMF7279,CAMINHAO 10000,AGRALE,2013,Diesel,9BYC79A2ADC000148,BRANCA,IV,165CV,4,COMPRA,Ótimo,Veículo,Ativa,Diesel,01189278-1,526878290,PRO REITORIA DE ADM.,PRA-DLO-DITRA,CAR/CAMINHAO/C.ABERTA,DEDICADO,U1A002954,,,UNIVERSIDADE FEDERAL DE MINAS GERAIS - UFMG,,,72636,22/03/2013,,34799,"147.800,00",0,0,COMPRA,01189278-1,0,
164,GMF7280,CAMINHAO 10000,AGRALE,2013,Diesel,9BYC79A2ADC000147,BRANCA,IV,165CV,4,COMPRA,Ótimo,Veículo,Ativa,Diesel,01189279-1,526876085,ICA INSTITUTO DE CIENC. AGRARIAS,ICA TRANSPORTES,CAR/CAMINHAO/C.ABERTA,DEDICADO,U1A002872,,,UNIVERSIDADE FEDERAL DE MINAS GERAIS - UFMG,,,108785,22/03/2013,,34798,"147.800,00",0,0,COMPRA,01189279-1,0,
165,GMF7309,JUMPER M33M 23S,CITROEN,2013,Gasolina,935ZBWMMBD2111026,,IV,127CV,,DOAÇÃO,Ótimo,Veículo,Ativa,Gasolina,,529887339,PRO REITORIA DE ADM.,PRA-DLO-DITRA,PAS/AUTOMOVEL,DEDICADO,,,,UNIVERSIDADE FEDERAL DE MINAS GERAIS - UFMG,,,0,18/11/2021,,,"76.000,00",0,0,DOAÇÃO,,0,
166,GMF7576,SPACEFOX TREND GII,VOLKSWAGEN,2013,,9BWPB45Z2E4042067,BRANCA,IV,104 CV,4,COMPRA,Ótimo,Veículo,Ativa,,001200339-5,585718750,FAC. MEDICINA,FAC. MEDICINA-INTERNATO RURAL,PAS/AUTOMOVEL,DEDICADO,CCR B64563,,,UNIVERSIDADE FEDERAL DE MINAS GERAIS - UFMG,,,249111,22/10/2013,,830057,"46988,9",0,0,COMPRA,001200339-5,0,
167,GMF7682,AMAROK CD 4X4 SE,VOLKSWAGEN,2013,Diesel,WV1DD42H8EA013375,BRANCA,IV,140 CV,4,COMPRA,Ótimo,Veículo,Ativa,Diesel,01208887-1,996602283,COLTEC,COLTEC-SECAO LOGISTICA OPERAC. E PREDIAL,ESP/CAMIONETE/AB.CAB.DUPLA,DEDICADO,CNF 023556,,,UNIVERSIDADE FEDERAL DE MINAS GERAIS - UFMG,,,67627,18/03/2014,,333958,"102.000,00",0,0,COMPRA,01208887-1,0,
168,GMF7685,VAN SPRINTER 515CD,MERCEDES BENZ,2013,Diesel,8AC906657EE090205,BRANCA,IV,146 CV,4,COMPRA,Ótimo,Veículo,Ativa,Diesel,01213857-6,997149639,VET.ESC. VETERINARIA,VET-SERVICOS GERAIS,PAS/MICROONIBUS,DEDICADO,,,,UNIVERSIDADE FEDERAL DE MINAS GERAIS - UFMG,,,114739,19/03/2014,,56819,"165.000,00",0,0,COMPRA,01213857-6,0,
169,GMF7723,FLUENCE,RENAULT,2014,Gasolina,8A1LZBW2TEL265424,PRETA,IV,143CV,,DOAÇÃO TRT,Ótimo,Veículo,Ativa,Gasolina,,998886165,REI-GABINETE REITOR ADM,REI-SECRETARIA EXECUTIVA,PAS/AUTOMOVEL,DEDICADO,,,,UNIVERSIDADE FEDERAL DE MINAS GERAIS - UFMG,,,63855,11/10/2021,,,"47.000,00",0,0,DOAÇÃO TRT,,0,
170,GMF7725,FLUENCE,RENAULT,2014,Gasolina,8A1LZBW2TEL265496,PRETA,IV,143CV,,DOAÇÃO TRT,Ótimo,Veículo,Ativa,Gasolina,,998870587,REI-GABINETE REITOR ADM,REI-SECRETARIA EXECUTIVA,PAS/AUTOMOVEL,DEDICADO,,,,UNIVERSIDADE FEDERAL DE MINAS GERAIS - UFMG,,,65588,11/10/2021,,,"47.000,00",0,0,DOAÇÃO TRT,,0,
171,GMF7749,FLUENCE,RENAULT,2014,Gasolina,1002926073,PRETA,IV,143CV,,DOAÇÃO TRT ,Ótimo,Veículo,Ativa,Gasolina,,1002926073,REI-GABINETE REITOR ADM,REI-SECRETARIA EXECUTIVA,PAS/AUTOMOVEL,DEDICADO,,,,UNIVERSIDADE FEDERAL DE MINAS GERAIS - UFMG,,,61830,11/10/2021,,,"47.000,00",0,0,DOAÇÃO TRT ,,0,
172,GMF7750,AMAROK CD 4X4 SE,VOLKSWAGEN,2013,Diesel,WV1DD42H9EA028791,BRANCA,IV,140 CV,4,COMPRA,Ótimo,Veículo,Ativa,Diesel,01215570-5,1003112800,ICB-INST. CIENC. BIOLOGIAS,ICB-GABINETE,ESP/CAMIONETE/AB.CAB.DUPLA,DEDICADO,CNF 027563,,,UNIVERSIDADE FEDERAL DE MINAS GERAIS - UFMG,,,199674,05/08/2014,,340577,"102.000,00",0,0,COMPRA,01215570-5,0,
173,GMF7751,SPACECROSS GII,VOLKSWAGEN,2013,Flex,8AWPB45Z5EA508742,BRANCA,IV,104 CV,4,COMPRA,Ótimo,Veículo,Ativa,Flex,01215569-1,1003129711,ENF-ESC. ENFERMAGEM,ENF-SERVICOS GERAIS,PAS/AUTOMOVEL,DEDICADO,CCR 293283,,,UNIVERSIDADE FEDERAL DE MINAS GERAIS - UFMG,,,144204,05/08/2014,,339757,"57.000,00",0,0,COMPRA,01215569-1,0,
174,GMF7776,SPACECROSS GII,VOLKSWAGEN,2013,Flex,8AWPB45Z5EA508689,BRANCA,IV,104 CV,4,COMPRA,Ótimo,Veículo,Ativa,Flex,01215628-1,1004173510,ENF-ESC. ENFERMAGEM,ENF-SERVICOS GERAIS,PAS/AUTOMOVEL,DEDICADO,CCR 293150,,,UNIVERSIDADE FEDERAL DE MINAS GERAIS - UFMG,,,102845,13/05/2014,,0,"57.000,00",0,0,COMPRA,01215628-1,0,
175,GMF7777,MARCOPOLO VOLARE W9 ,MARCOPOLO,2014,Diesel,93PB40N31EC052334,BRANCA,IV,165 CV,4,COMPRA,Ótimo,Veículo,Ativa,Diesel,01214584-1,1005675535,IGC INST.GEOCIENCIAS,IGC SERVICOS GERAIS,PAS/ONIBUS,DEDICADO,U1A005806,,,UNIVERSIDADE FEDERAL DE MINAS GERAIS - UFMG,,,110054,13/05/2014,,118219,"231.000,00",0,0,COMPRA,01214584-1,0,
176,GMF7778,MARCOPOLO VOLARE W9 ,MARCOPOLO,2014,Diesel,93PB40N31EC052335,BRANCA,IV,165 CV,4,COMPRA,Ótimo,Veículo,Ativa,Diesel,01215685-1,1005672986,IGC INST.GEOCIENCIAS,IGC SERVICOS GERAIS,PAS/ONIBUS,DEDICADO,U1A005807,,,UNIVERSIDADE FEDERAL DE MINAS GERAIS - UFMG,,,115351,13/05/2014,,118220,"231.000,00",0,0,COMPRA,01215685-1,0,
177,GMF7791,CAMINHAO 10000,AGRALE,2014,Diesel,9BYC79A2AEC000340,BRANCA,IV,165 CV,4,COMPRA,Ótimo,Veículo,Ativa,Diesel,01215715-5,1007217488,VET.ESC. VETERINARIA,VET-SERVICOS GERAIS,CAR/CAMINHAO/C.ABERTA,DEDICADO,U1A005900,,,UNIVERSIDADE FEDERAL DE MINAS GERAIS - UFMG,,,71420,26/05/2014,,51052,"170.000,00",0,0,COMPRA,01215715-5,0,
178,GMF7826,SPACEFOX TREND GII,VOLKSWAGEN,2014,Gasolina,9BWPB45ZXE4134754,BRANCA,IV,104 CV,4,COMPRA,Ótimo,Veículo,Ativa,Gasolina,001219635-5,1075124791,BIBLIOT. UNIVERST,BIBLIOT.UNIVERSIT. SGER,PAS/AUTOMOVEL,DEDICADO,CCR S23172,,,UNIVERSIDADE FEDERAL DE MINAS GERAIS - UFMG,,,55218,29/07/2014,,908955,"43.600,00",0,0,COMPRA,001219635-5,0,
179,GMF7843,ONIBUS ROMA 310,AGRALE,2014,Diesel,9BYC69A1AEC000096,BRANCA,IV,225 CV,6,COMPRA,Ótimo,Veículo,Ativa,Diesel,001219786-6,1017383704,ICA INSTITUTO DE CIENC. AGRARIAS,ICA SERVIÇOS GERAIS,PAS/ONIBUS,DEDICADO,Y1A020448,,,UNIVERSIDADE FEDERAL DE MINAS GERAIS - UFMG,,,90324,22/09/2014,,54815,"356.300,00",0,0,COMPRA,001219786-6,0,
180,GMF7844,AMBULANCIA MARIMAR 415,MERCEDES BENZ,2014,Diesel,8AC906633EE089014,BRANCA,V,146CV,4,COMPRA,Ótimo,Grupo Gerencial,Ativa,Diesel,001221644-5,1006885592,VET.ESC. VETERINARIA,VET-SERVICOS GERAIS,ESP/CAMION/AMBULANCIA,DEDICADO,651955W0027056,,,UNIVERSIDADE FEDERAL DE MINAS GERAIS - UFMG,,,27796,22/09/2014,,59787,"225.000,00",0,0,COMPRA,001221644-5,0,
181,GMF7852,AMAROK CD 4X4 SE,VOLKSWAGEN,2014,Diesel,WV1DD42H4EA049502,BRANCA,IV,140 CV,4,COMPRA,Ótimo,Veículo,Ativa,Diesel,01221712-3,1020811436,IGC INST.GEOCIENCIAS,IGC SERVICOS GERAIS,ESP/CAMIONETE/AB.CAB.DUPLA,DEDICADO,CNF036891,,,UNIVERSIDADE FEDERAL DE MINAS GERAIS - UFMG,,,76570,10/09/2014,,368428,"102.000,00",0,0,COMPRA,01221712-3,0,
182,GMF7897,AMAROK CD 4X4 SE,VOLKSWAGEN,2014,Diesel,WV1DD42H2EA050857,BRANCA,IV,140 CV,4,COMPRA,Ótimo,Veículo,Ativa,Diesel,01227320-1,1031663948,FAFICH FAC. FILOS. CIENCIAS HUMANAS,FAFICH-GABINETE,ESP/CAMIONETE/AB.CAB.DUPLA,DEDICADO,CNF-037090,,,UNIVERSIDADE FEDERAL DE MINAS GERAIS - UFMG,,,99905,01/02/2015,,379089,"102.000,00",0,0,COMPRA,01227320-1,0,
183,GMF7898,SPACEFOX TREND GII,VOLKSWAGEN,2014,Flex,9BWPB45Z6E4164222,BRANCA,IV,104 CV,4,COMPRA,Ótimo,Veículo,Ativa,Flex,01227319-8,1031604321,FAFICH FAC. FILOS. CIENCIAS HUMANAS,FAFICH-SERVICOS GERAIS ,PAS/AUTOMOVEL,DEDICADO,CCR-S74176,,,UNIVERSIDADE FEDERAL DE MINAS GERAIS - UFMG,,,43017,01/02/2015,,950512,"43.600,00",0,0,COMPRA,01227319-8,0,
184,GMF7899,SPACEFOX TREND GII,VOLKSWAGEN,2014,Gasolina,9BWPB45Z6E4163216,BRANCA,IV,104 CV,4,COMPRA,Ótimo,Veículo,Ativa,Gasolina,01227318-1,1031601730,FAC. MEDICINA,FAC. MEDICINA-INTERNATO RURAL,PAS/AUTOMOVEL,DEDICADO,CCR-S71557,,,UNIVERSIDADE FEDERAL DE MINAS GERAIS - UFMG,,,189691,01/02/2015,,950513,"43.600,00",0,0,COMPRA,01227318-1,0,
185,GMF7900,SPACEFOX TREND GII,VOLKSWAGEN,2014,Flex,9BWPB45Z6E4164138,BRANCA,IV,104 CV,4,COMPRA,Ótimo,Veículo,Ativa,Flex,01227321-1,1031597198,IGC INST.GEOCIENCIAS,IGC SERVICOS GERAIS,PAS/AUTOMOVEL,DEDICADO,CCR-S74156,,,UNIVERSIDADE FEDERAL DE MINAS GERAIS - UFMG,,,60688,01/02/2015,,950511,"43.600,00",0,0,COMPRA,01227321-1,0,
186,GMF7901,MARCOPOLO VOLARE W9 ,MARCOPOLO,2014,Diesel,93PB40N31EC052255,BRANCA,IV,165 CV,6,COMPRA,Ótimo,Veículo,Ativa,Diesel,01227323-6,1031664936,FAE FAC. EDUCACAO,FAE SERVICOS GERAIS,PAS/ONIBUS,DEDICADO,U1A006009,,,UNIVERSIDADE FEDERAL DE MINAS GERAIS - UFMG,,,48655,01/02/2015,,130227,"231.000,00",0,0,COMPRA,01227323-6,0,
187,GMF7911,AMAROK CD 4X4 SE,VOLKSWAGEN,2014,Diesel,WV1DD42H2EA055248,BRANCA,IV,140 CV,4,COMPRA,Ótimo,Veículo,Ativa,Diesel,01227322-8,1033559285,ENG - ESC. ENGENHARIA,ENG-SERVICOS GERAIS,ESP/CAMIONETE/AB.CAB.DUPLA,DEDICADO,CNF 039262,,,UNIVERSIDADE FEDERAL DE MINAS GERAIS - UFMG,,,68116,01/05/2015,,379121,"102.000,00",0,0,COMPRA,01227322-8,0,
188,GMF7913,AMBULANCIA MARIMAR 415,MERCEDES BENZ,2014,Diesel,8AC906633EE093323,BRANCA,V,146 CV,4,COMPRA,Ótimo,Veículo,Ativa,Diesel,01227305-8,1030667818,PRORH ,PRORH-DAST-SEC. ADM,ESP/CAMION/AMBULANCIA,DEDICADO,651955W0031477,,,UNIVERSIDADE FEDERAL DE MINAS GERAIS - UFMG,,,11919,01/12/2015,,64812,"225.000,00",0,0,COMPRA,01227305-8,0,
189,GMF7940,VAN SPRINTER 515CD,MERCEDES BENZ,2014,Diesel,8AC906657FE104190,BRANCA,IV,146 CV,4,COMPRA,Ótimo,Veículo,Ativa,Diesel,01230074-8,1037866506,IGC INST.GEOCIENCIAS,IGC SERVICOS GERAIS,PAS/MICROONIBUS,DEDICADO,651.955W0042233,,,UNIVERSIDADE FEDERAL DE MINAS GERAIS - UFMG,,,95464,02/06/2015,,69646,"165.000,00",0,0,COMPRA,01230074-8,0,
190,GMF7C31,KOMBI STANDARD ,VOLKSWAGEN,2012,Gasolina,9bwmf07x8dp015299,BRANCA,IV,80 CV,4,COMPRA,Ótimo,Veículo,Ativa,Gasolina,011862281-5,508603935,DEMAI,DEMAI SERVICOS GERAIS,MIS/CAMION./C.FECHADA,DEDICADO,BTJ809413,,,UNIVERSIDADE FEDERAL DE MINAS GERAIS - UFMG,,,111416,02/07/2013,,468821,"0,00",0,0,COMPRA,011862281-5,0,GMF7231
191,GMF8048,VAN SPRINTER 415 CD,MERCEDES BENZ,2015,Diesel,8AC906633GE112812,BRANCA,IV,146 CV,4,COMPRA,Ótimo,Veículo,Ativa,Diesel,001216670-7,1071607143,VET.ESC. VETERINARIA,VET-SERVICOS GERAIS,PAS/MICROONIBUS,DEDICADO,651955W0050790,,,UNIVERSIDADE FEDERAL DE MINAS GERAIS - UFMG,,,111616,12/10/2015,,232145,"152.800,00",0,0,COMPRA,001216670-7,0,
192,GMF8068,PICK-UP S10 LT DD4A,CHEVROLET,2016,Diesel,9BG148FK0GC423960,BRANCA,IV,200 CV,4,COMPRA,Ótimo,Veículo,Ativa,Diesel,001243000-5,1079794686,ICB-INST. CIENC. BIOLOGIAS,ICB-SERVICOS GERAIS,MIS/CAMION./CAB. DUPLA,DEDICADO,,,,UNIVERSIDADE FEDERAL DE MINAS GERAIS - UFMG,,,150921,03/02/2016,,1023167,"122.900,00",0,0,COMPRA,001243000-5,0,
193,GMF8192,ONIBUS MASCA GRANMICRO,MERCEDES BENZ,2016,Diesel,9BM979277HB045550,BRANCA,IV,156 CV,4,COMPRA,Ótimo,Veículo,Ativa,Diesel,1253237-1,1103851052,VET.ESC. VETERINARIA,VET-SERVICOS GERAIS,PAS/ONIBUS,DEDICADO,OM 924 LA 115KW(156PS),,,UNIVERSIDADE FEDERAL DE MINAS GERAIS - UFMG,,,60449,12/02/2016,,914167,"214.000,00",0,0,COMPRA,1253237-1,0,
194,GMF8291,REBOQUE,REBOQUE,2017,Gasolina,9A9T12LCTHCU1004,,IV,,,COMPRA,Ótimo,Proprietário,Ativa,Gasolina,01267014-6,1131236898,PRO REITORIA DE ADM.,PRA-DGA-AREAS VERDES,CAR/REBOQUE/C.ABERTA,DEDICADO,,,,UNIVERSIDADE FEDERAL DE MINAS GERAIS - UFMG,,,0,10/05/2017,,485,"23.313,00",0,0,COMPRA,01267014-6,0,
195,GMF8352,COMIL CAMPIONE R,VOLKSWAGEN,2017,Diesel,9532K82WXJR810571,BRANCA,IV,256 CV,6,COMPRA,Ótimo,Grupo Gerencial,Ativa,Diesel,001261982-5,1142337704,IGC INST.GEOCIENCIAS,IGC SERVICOS GERAIS,PAS/ONIBUS,DEDICADO,0244843A624842,,,UNIVERSIDADE FEDERAL DE MINAS GERAIS - UFMG,,,25797,05/09/2018,,2807,"474.000,00",0,0,COMPRA,001261982-5,0,
196,GMF8354,LOGAN EXP. 1.6 SCE,RENAULT,2018,Gasolina,93Y4SRFH4JJ287689,BRANCA,IV,118 CV,4,COMPRA,Ótimo,Veículo,Ativa,Gasolina,,1149996410,FAC. MEDICINA,FAC. MEDICINA-INTERNATO RURAL,PAS/AUTOMOVEL,DEDICADO,H4ME734Q037126,,,UNIVERSIDADE FEDERAL DE MINAS GERAIS - UFMG,,,70088,21/05/2018,,3209,"54.240,00",0,0,COMPRA,,0,
197,GMF8355,LOGAN EXP. 1.6 SCE,RENAULT,2018,Gasolina,93Y4SRFH4JJ287849,,IV,118 CV,4,COMPRA,Ótimo,Veículo,Ativa,Gasolina,,1150543350,FAC. MEDICINA,FAC. MEDICINA-INTERNATO RURAL,PAS/AUTOMOVEL,DEDICADO,H4ME734Q037126,,,UNIVERSIDADE FEDERAL DE MINAS GERAIS - UFMG,,,78965,21/05/2018,,3208,"54.240,00",0,0,COMPRA,,0,
198,GMF8484,CRONOS,FIAT,2018,Gasolina,8AP359A2SKU047654,BRANCA,III,,,,Ótimo,Grupo Gerencial,Ativa,Gasolina,,1177987314,FAC. MEDICINA,FAC. MEDICINA-INTERNATO RURAL,PAS/AUTOMOVEL,DEDICADO,,,,UNIVERSIDADE FEDERAL DE MINAS GERAIS - UFMG,,,57363,15/01/2019,,0,"61.891,00",0,0,,,0,
199,GMF8485,CRONOS,FIAT,2018,Gasolina,8AP359A2SKU048951,BRANCA,III,,,,Ótimo,Grupo Gerencial,Ativa,Gasolina,,1177877942,FAC. MEDICINA,FAC. MEDICINA-INTERNATO RURAL,PAS/AUTOMOVEL,DEDICADO,,,,UNIVERSIDADE FEDERAL DE MINAS GERAIS - UFMG,,,76646,15/01/2019,,0,"61.891,00",0,0,,,0,
200,GMF8532,CRONOS,FIAT,2018,Gasolina,8AP359A2SKU048960,BRANCA,III,,,,Ótimo,Grupo Gerencial,Ativa,Gasolina,,1194788626,FAC. MEDICINA,FAC. MEDICINA-INTERNATO RURAL,PAS/AUTOMOVEL,DEDICADO,,,,UNIVERSIDADE FEDERAL DE MINAS GERAIS - UFMG,,,44394,06/06/2019,,1030842,"61.891,00",0,0,,,0,
201,GMF8533,CRONOS,FIAT,2018,Gasolina,8AP359A2SKU039067,,III,,,,Ótimo,Grupo Gerencial,Ativa,Gasolina,,1194879354,FAC. MEDICINA,FAC. MEDICINA-INTERNATO RURAL,PAS/AUTOMOVEL,DEDICADO,,,,UNIVERSIDADE FEDERAL DE MINAS GERAIS - UFMG,,,22484,06/06/2019,,1030298,"61.891,00",0,0,,,0,
202,GMF8534,VAN DUCATO MINIBUS,FIAT,,Gasolina,3C6EFVEK7KE521150,,II,,,,Ótimo,Grupo Gerencial,Ativa,Gasolina,,1190028651,VET.ESC. VETERINARIA,VET-SERVICOS GERAIS,PAS/MICROONIBUS,DEDICADO,,,,UNIVERSIDADE FEDERAL DE MINAS GERAIS - UFMG,,,24147,29/04/2019,,1022638,"152.390,00",0,0,,,0,
203,GMF8536,PRISMA,CHEVROLET,2019,Gasolina,9BGKS69V0KG347561,BRANCA,IV,"1,4",4,,Ótimo,Grupo Gerencial,Ativa,Gasolina,,1197252000,FAC. MEDICINA,FAC. MEDICINA-NESCON,PAS/AUTOMOVEL,DEDICADO,,,,UNIVERSIDADE FEDERAL DE MINAS GERAIS - UFMG,,,12219,18/07/2019,,0,"0,00",0,0,,,0,
204,GMF8601,PIC-UP MMC L200,MITSUBISHI,2019,Diesel,93XLJKL1TLCK25990,BRANCA,II,,,,Ótimo,Grupo Gerencial,Ativa,Diesel,,1221440672,FAE FAC. EDUCACAO,FAE SERVICOS GERAIS,PICK-UP,DEDICADO,,,,UNIVERSIDADE FEDERAL DE MINAS GERAIS - UFMG,,,0,01/08/2020,,32748,"133.250,00",0,0,,,0,
205,GMU7184,REBOQUE,REBOQUE,1992,Outros,9EZMG10PCN0002279,CINZA,IV,,,DOACAO-CONT.-001/2008,Regular,Grupo Gerencial,Ativa,Outros,1087365,249583399,ICB-INST. CIENC. BIOLOGIAS,ICB-DEPARTAMENTO DE BIOLOGIA GERAL,CAR/REBOQUE/C.ABERTA,DEDICADO,,,,UNIVERSIDADE FEDERAL DE MINAS GERAIS - UFMG,,,0,10/06/2008,,0,"1824,5",0,0,DOACAO-CONT.-001/2008,1087365,0,
206,GSM6051,VAN SPRINTER,MERCEDES BENZ,1997,Diesel,8AC690341VA510348,BRANCA,IV,95 CV,4,DOACAO,Anti-econômico,Veículo,Ativa,Diesel,A98001234-3,689932871,FAC. MEDICINA,FAC. MEDICINA-PROJ. MANOELZAO,PAS/MICROONIBUS,DEDICADO,,,3085121004482010,UNIVERSIDADE FEDERAL DE MINAS GERAIS - UFMG,,,266627,13/02/1998,,0,"36.458,00",0,0,DOACAO,A98001234-3,0,
207,GSO8541,KOMBI - STANDARD,VOLKSWAGEN,1998,Gasolina,9BWZZZ237WP005728,BRANCA,IV,61 CV,4,DOACAO,Anti-econômico,Veículo,Ativa,Gasolina,A98002298-5,694608963,PRO REITORIA DE ADM.,PRA-DLO-DITRA-LEILAO,MIS/CAMION./C.FECHADA,DEDICADO,"1,6","1,6",3085121004482030,UNIVERSIDADE FEDERAL DE MINAS GERAIS - UFMG,,,146999,13/02/1998,,0,"17.830,00",0,0,DOACAO,A98002298-5,0,
208,GSX3225,XLR 125,HONDA,1999,Gasolina,9C2JD1700XR020454,VERMELHA,IV,12 CV,1,DOACAO,Regular,Veículo,Ativa,Gasolina,A99007404-7,729990923,VET.ESC. VETERINARIA,VET-FAZ. IGARAPE,PAS/MOTOCICLETA,DEDICADO,,,3085121004482040,UNIVERSIDADE FEDERAL DE MINAS GERAIS - UFMG,,,65711,08/12/1999,,0,"4.729,00",0,0,DOACAO,A99007404-7,0,
209,GSX3556,XLR 125,HONDA,1999,Gasolina,9C2JD1700XR019073,BRANCA,IV,11 CV,1,DOACAO,Regular,Veículo,Ativa,Gasolina,A99007403-9,731093011,VET.ESC. VETERINARIA,VET-FAZ. IGARAPE,PAS/MOTOCICLETA,DEDICADO,,,3085121004482050,UNIVERSIDADE FEDERAL DE MINAS GERAIS - UFMG,,,43286,08/11/1999,22/08/2008,0,"4.729,00",0,0,DOACAO,A99007403-9,0,
210,GSZ4470,AMAROK CD 4X4 SE,VOLKSWAGEN,2011,Diesel,WV1DB42HXB8061419,BRANCA,IV,163 CV,4,DOACAO CONTRATO 010502D,Ótimo,Veículo,Ativa,Diesel,001267864-3,330651234,ICB-INST. CIENC. BIOLOGIAS,ICB-SERVICOS GERAIS,ESP/CAMIONETE/AB.CAB.DUPLA,DEDICADO,,,,UNIVERSIDADE FEDERAL DE MINAS GERAIS - UFMG,,,111858,17/11/2017,,0,"94.751,00",0,0,DOACAO CONTRATO 010502D,001267864-3,0,
211,GUF4074,UNO MILLE FIRE,FIAT,2002,Gasolina,9BD15822524364963,CINZA,IV,055 CV,4,DOACAO CONT. 08055-D,Bom,Veículo,Ativa,Gasolina,01177284-1,778474305,PRO REITORIA DE ADM.,PRA-DLO-DITRA-LEILAO,PAS/AUTOMOVEL,DEDICADO,,,,UNIVERSIDADE FEDERAL DE MINAS GERAIS - UFMG,,,109642,15/05/2012,,0,"14.950,00",0,0,DOACAO CONT. 08055-D,01177284-1,0,
212,GVJ9346,ONIBUS K 112 33,SCANIA,1985,Diesel,9BSKC4X2Z03453855,BRANCA,IV,,4,DOACAO PROC.10670.001330/2009-20,Bom,Veículo,Ativa,Diesel,01118510-4,241575117,ICA INSTITUTO DE CIENC. AGRARIAS,ICA SERVIÇOS GERAIS,PAS/ONIBUS,DEDICADO,,,3085121005526860,UNIVERSIDADE FEDERAL DE MINAS GERAIS - UFMG,,,375287,19/04/2011,,0,"60.000,00",0,0,DOACAO PROC.10670.001330/2009-20,01118510-4,0,
213,GVS3129,REBOQUE,REBOQUE,1996,Outros,9EZMG10PCT0005505,BRANCA,IV,,,DOACAO CONT. 001/2008,Regular,Veículo,Ativa,Outros,0108736-4,249824590,ICB-INST. CIENC. BIOLOGIAS,ICB-DEPARTAMENTO DE BIOLOGIA GERAL,CAR/REBOQUE/C.ABERTA,DEDICADO,,,,UNIVERSIDADE FEDERAL DE MINAS GERAIS - UFMG,,,0,10/06/2008,,0,"1824,5",0,0,DOACAO CONT. 001/2008,0108736-4,0,
214,GXJ1013,KOMBI - STANDARD,VOLKSWAGEN,1998,Gasolina,9BWZZZ237WP015487,BRANCA,IV,61 CV,4,COMPRA,Regular,Veículo,Ativa,Gasolina,A98005935-8,703036505,PRO REITORIA DE ADM.,PRA-DLO-DITRA-LEILAO,MIS/CAMION./C.FECHADA,DEDICADO,"1,6","1,6",3085121004482070,UNIVERSIDADE FEDERAL DE MINAS GERAIS - UFMG,,,185648,08/05/1998,,0,"17.799,00",0,0,COMPRA,A98005935-8,0,
215,GXM9257,SAVEIRO 1.6 CS,VOLKSWAGEN,2011,Flex,9BWKB05U2CP049295,PRATA,IV,"1,6",4,DOACAO CONTRATO 009579-D,Ótimo,Veículo,Ativa,Flex,011569592-6,335347339,DEMAI,DEMAI DIV. MAQ. EQUIP. ESPECIAIS,CAR/CAMION./C.ABERTA,DEDICADO,CCR L50508,,,UNIVERSIDADE FEDERAL DE MINAS GERAIS - UFMG,,,69774,14/09/2015,,0,"34.616,00",0,0,DOACAO CONTRATO 009579-D,011569592-6,0,
216,GXM9295,SAVEIRO 1.6 CS,VOLKSWAGEN,2011,Flex,9BWKB05U0CP046184,PRATA,IV,104 CV,4,DOACAO CONTRATO 009995-D,Ótimo,Veículo,Ativa,Flex,01135388-1,335302327,DEMAI,DEMAI DIV. OBRAS ,CAR/CAMION./C.ABERTA,DEDICADO,CCR497763,,,UNIVERSIDADE FEDERAL DE MINAS GERAIS - UFMG,,,40716,23/08/2016,,0,"34.616,00",0,0,DOACAO CONTRATO 009995-D,01135388-1,0,
217,GXP5136,PICK-UP F75,FORD,1983,Alcool,LA3BBD73354,Branca,IV,91 CV,4,COMPRA,Regular,Veículo,Ativa,Alcool,A83000858-3,239838718,ENG - ESC. ENGENHARIA,ENG DEPTO ENGENHARIA MECANICA,CAR/CAMION./C.ABERTA,DEDICADO,,,3085121004482090,UNIVERSIDADE FEDERAL DE MINAS GERAIS - UFMG,,,86985,29/03/1983,,0,"2.298.960,00",0,0,COMPRA,A83000858-3,0,
218,HAE4379,PIC-UP GM/S10 2.8 D,CHEVROLET,2002,Diesel,9BG138AC03C401046,BRANCA,IV,132 CV,4,DOACAO - CONTRATO 03140-D,Bom,Veículo,Ativa,Diesel,A20026587-0,789879921,ICB-INST. CIENC. BIOLOGIAS,ICB-BOTANICA,MIS/CAMION./CAB. DUPLA,DEDICADO,"2,8","2,8",3085121004482200,UNIVERSIDADE FEDERAL DE MINAS GERAIS - UFMG,,,389986,10/11/2002,,0,"48601,27",0,0,DOACAO - CONTRATO 03140-D,A20026587-0,0,
219,HCG1E96,PICK-UP COURIER 1.6 L,FORD,2004,Gasolina,9BFNSZPPA5B966045,PRATA,IV,095 CV,4,DOACAO CONT. 08056-D,Bom,Veículo,Ativa,Gasolina,,837116341,PRO REITORIA DE ADM.,PRA-DLO-DITRA,CAR/CAMION./C.ABERTA,DEDICADO,,,,UNIVERSIDADE FEDERAL DE MINAS GERAIS - UFMG,,,77507,15/05/2012,,0,"0,00",0,0,DOACAO CONT. 08056-D,,0,HCG1496
220,HCG3114,VAN DUCATO MINIBUS,FIAT,2004,Diesel,93W231M2141019097,BRANCA,IV,103 CV,,DOACAO-CONT. 001/2008,Anti-econômico,Veículo,Ativa,Diesel,0108736-3,837445779,PRO REITORIA DE ADM.,PRA-DLO-DITRA-LEILAO,PAS/MICROONIBUS,DEDICADO,,,3085121004482230,UNIVERSIDADE FEDERAL DE MINAS GERAIS - UFMG,,,193494,10/06/2008,16/02/2017,0,"55.141,00",0,0,DOACAO-CONT. 001/2008,0108736-3,0,
221,HCG9025,REBOQUE,REBOQUE,2004,Outros,9EZMG10PC40011548,VERDE,IV,,,COMPRA,Bom,Grupo Gerencial,Ativa,Outros,A2004.07142-0,249936259,PRO REITORIA DE ADM.,PRA-DGA-AREAS VERDES,CAR/REBOQUE/C.ABERTA,DEDICADO,,,,UNIVERSIDADE FEDERAL DE MINAS GERAIS - UFMG,,,0,15/10/2004,,281,"2.229,00",0,0,COMPRA,A2004.07142-0,0,
222,HDJ1158,PALIO WEEKEND HLX FLEX,FIAT,2005,Gasolina,9BD17306C64158757,BRANCA,IV,110 CV,4,DOACAO NR. 05558-D,Ótimo,Veículo,Ativa,Gasolina,1066427-1,865998965,PRO REITORIA DE ADM.,PRA-DLO-DSU,PAS/AUTOMOVEL,DEDICADO,"1,8",,3085121004482240,UNIVERSIDADE FEDERAL DE MINAS GERAIS - UFMG,,,296025,22/06/2007,,0,"45452,16",0,0,DOACAO NR. 05558-D,1066427-1,0,
223,HDK9167,KOMBI - STANDARD,VOLKSWAGEN,2005,Gasolina,9BWGB07X56P003008,BRANCA,IV,062 CV,4,DOACAO-CONTRATO-05168-D,Ótimo,Veículo,Ativa,Gasolina,01017319-6,870043331,PRO REITORIA DE ADM.,PRA-DGA-AREAS VERDES,MIS/CAMION./C.FECHADA,DEDICADO,"1,6",,3085121004482250,UNIVERSIDADE FEDERAL DE MINAS GERAIS - UFMG,,,78174,01/10/2006,,0,"37.540,00",0,0,DOACAO-CONTRATO-05168-D,01017319-6,0,
224,HDM5836,UNO MILLE FIRE,FIAT,2004,Gasolina,9BD15822544590127,PRATA,IV,055-CV-1.0,4,DOACAO CONTRATO 07886-D,Anti-econômico,Veículo,Ativa,Gasolina,001151569-4,830911359,PRO REITORIA DE ADM.,PRA-DLO-DITRA-LEILAO,PAS/AUTOMOVEL,DEDICADO,,,,UNIVERSIDADE FEDERAL DE MINAS GERAIS - UFMG,,,84548,22/12/2011,,0,"18693,8",0,0,DOACAO CONTRATO 07886-D,001151569-4,0,
225,HEA2488,PARATI TRACKFIELD 1.6,VOLKSWAGEN,2006,,9BWDB05W06T152012,BRANCA,IV,100CV,4,DOACAO-CONTRATO-05194D,Anti-econômico,Veículo,Ativa,,01017669-1,883212838,PRO REITORIA DE ADM.,PRA-DLO-DITRA-LEILAO,PAS/AUTOMOVEL,DEDICADO,"1,6","1,6",3085121004482270,UNIVERSIDADE FEDERAL DE MINAS GERAIS - UFMG,,,226460,16/05/2006,,0,"37651,46",0,0,DOACAO-CONTRATO-05194D,01017669-1,0,
226,HEI4116,REBOQUE,REBOQUE,2006,Outros,9A9BC05116TDH8117,BRANCA,IV,,,DOACAO CONTRATO 08607-D,Bom,Veículo,Ativa,Outros,01213384-1,887558593,ICB-INST. CIENC. BIOLOGIAS,ICB-DEPARTAMENTO DE BIOLOGIA GERAL,CAR/REBOQUE/C.ABERTA,DEDICADO,,,,UNIVERSIDADE FEDERAL DE MINAS GERAIS - UFMG,,,0,15/05/2013,,0,"2.750,00",0,0,DOACAO CONTRATO 08607-D,01213384-1,0,
227,HEJ4424,KOMBI FURGAO,VOLKSWAGEN,2006,Flex,9BWFF07XX6PO16384,BRANCA,IV,85 CV,4,DOACAO - CONTRATO NUM.05300-D,Ótimo,Veículo,Ativa,Flex,10243194,890703310,PRO REITORIA DE ADM.,PRA-DLO-DITRA,CAR/CAMION./FURGAO,DEDICADO,1.4 FLEX,"1,4",3085121004482280,UNIVERSIDADE FEDERAL DE MINAS GERAIS - UFMG,,,44302,20/09/2006,,0,"40.397,00",0,0,DOACAO - CONTRATO NUM.05300-D,10243194,0,
228,HEJ4883,REBOQUE,REBOQUE,2006,Outros,9A9BC26866MDH8100,CINZA,IV,,,DOACAO CONTRATO 07887-D,Ótimo,Veículo,Ativa,Outros,1170497-7,890838763,ICB-INST. CIENC. BIOLOGIAS,ICB-SERVICOS GERAIS,CAR/REBOQUE/C.ABERTA,DEDICADO,,,,UNIVERSIDADE FEDERAL DE MINAS GERAIS - UFMG,,,0,18/05/2012,,0,"5.100,00",0,0,DOACAO CONTRATO 07887-D,1170497-7,0,
229,HEJ9621,SCENIC EXP 1616V,RENAULT,2006,Flex,93YJA15256J755234,BRANCA,IV,110CV,4,DOACAO CONTRATO Num. 05436-D,Ótimo,Veículo,Ativa,Flex,10243445,892651725,PROGRAD,PROGRAD-COPEVE-SEC. ADM,PAS/AUTOMOVEL,DEDICADO,1.6 - 16V,,3085121004482290,UNIVERSIDADE FEDERAL DE MINAS GERAIS - UFMG,,,121416,11/07/2006,,0,"51.111,00",0,0,DOACAO CONTRATO Num. 05436-D,10243445,0,
230,HFS8588,PICK-UP L200 OUTDOOR,MITSUBISHI,2007,Diesel,93XHNK7407C730041,BRANCA,IV,121 CV,4,DOACAO ,Ótimo,Grupo Gerencial,Ativa,Diesel,01228557-9,913122122,FAC. MEDICINA,FAC. MEDICINA-PROJ. MANOELZAO,MIS/CAMION./CAB. DUPLA,DEDICADO,4056-CG7104,,,UNIVERSIDADE FEDERAL DE MINAS GERAIS - UFMG,,,203133,12/05/2014,,0,"47.000,00",0,0,DOACAO ,01228557-9,0,
231,HGO3595,PARATI TRACKFIELD 1.6,VOLKSWAGEN,2007,Flex,9BWDB05W78T039189,BRANCA,IV,,,CONRATO DOACAO FUNDEP 05559-D,Ótimo,Grupo Gerencial,Ativa,Flex,01059528-7,926970763,PRO REITORIA DE ADM.,PRA-DLO-DITRA-LEILAO,PAS/AUTOMOVEL,DEDICADO,"1,6",,3085121004482310,UNIVERSIDADE FEDERAL DE MINAS GERAIS - UFMG,,,296020,09/05/2007,,0,"44.000,00",0,0,CONRATO DOACAO FUNDEP 05559-D,01059528-7,0,
232,HGO3601,PARATI TRACKFIELD 1.6,VOLKSWAGEN,2007,Flex,9BWDB05W08T039079,BRANCA,IV,,,DOACAO CONTRATO 05559-D,Ótimo,Veículo,Ativa,Flex,1059527-9,926971484,FAC. MEDICINA,FAC. MEDICINA-INTERNATO RURAL,PAS/AUTOMOVEL,DEDICADO,"1,6",,3085121004482320,UNIVERSIDADE FEDERAL DE MINAS GERAIS - UFMG,,,334092,09/05/2007,,0,"44.000,00",0,0,DOACAO CONTRATO 05559-D,1059527-9,0,
233,HIO8259,UNO MILLE FIRE,FIAT,2008,Gasolina,9BD15822786119895,PRATA,IV,066 CV   1.0,4,DOACAO CONTRATO 08863-D,Bom,Veículo,Ativa,Gasolina,01181188-9,964535149,PRO REITORIA DE ADM.,PRA-SEC. ADM,PAS/AUTOMOVEL,DEDICADO,,,,UNIVERSIDADE FEDERAL DE MINAS GERAIS - UFMG,,,64911,14/02/2014,,0,"27.750,00",0,0,DOACAO CONTRATO 08863-D,01181188-9,0,
234,HIO8310,UNO MILLE FIRE,FIAT,2008,Flex,9BD15822786119795,PRATA,IV,66CV,4,DOACAO CONTRATO 08671-D,Ótimo,Veículo,Ativa,Flex,01098234-5,964556472,DEMAI,DEMAI CAMPUS 2000,PAS/AUTOMOVEL,DEDICADO,,,,UNIVERSIDADE FEDERAL DE MINAS GERAIS - UFMG,,,88380,14/08/2013,,0,"26055,3",0,0,DOACAO CONTRATO 08671-D,01098234-5,0,
235,HIO8319,STRADA TREK FLEX,FIAT,2008,Flex,9BD27801D87070549,PRATA,IV,114CV,4,DOACAO CONTRATO 08670-D,Ótimo,Veículo,Ativa,Flex,01098233-7,964558092,DEMAI,DEMAI CAMPUS 2000,PAS/AUTOMOVEL,DEDICADO,,,,UNIVERSIDADE FEDERAL DE MINAS GERAIS - UFMG,,,71285,14/08/2013,,0,"31.818,00",0,0,DOACAO CONTRATO 08670-D,01098233-7,0,
236,HJJ6963,MERIVA JOY,CHEVROLET,2008,Flex,9BGXL75G08C188437,BRANCA,IV,,,DOACAO CONTRATO-06634-D,Ótimo,Veículo,Ativa,Flex,108895-1,979432529,VET.ESC. VETERINARIA,VET - CLINICA E CIRURG. VET,PAS/AUTOMOVEL,DEDICADO,,,3085121004482330,UNIVERSIDADE FEDERAL DE MINAS GERAIS - UFMG,,,184473,07/08/2009,,0,"47.900,00",0,0,DOACAO CONTRATO-06634-D,108895-1,0,
237,HJU0691,TRACKER 2.0,G. MOTORS,2008,Gasolina,8AG116DJ09R702379,PRATA,IV,,,DOACAO CONTRATO-6563-D,Ótimo,Grupo Gerencial,Ativa,Gasolina,1079006-3,991445074,FAC. MEDICINA,FAC. MEDICINA-INTERNATO RURAL,MIS/UTILITARIO/JIPE,DEDICADO,,,3085121004482340,UNIVERSIDADE FEDERAL DE MINAS GERAIS - UFMG,,,175026,19/01/2009,,0,"70.000,00",0,0,DOACAO CONTRATO-6563-D,1079006-3,0,
238,HKC6962,LINEA,FIAT,2009,Flex,9BD11055691505213,BRANCA,IV,132 CV,4,DOACAO CONT.009173-D,Bom,Veículo,Ativa,Flex,001222271-2,123169810,FAC. MEDICINA,FAC. MEDICINA-NESCON,PAS/AUTOMOVEL,DEDICADO,,,,UNIVERSIDADE FEDERAL DE MINAS GERAIS - UFMG,,,200274,23/09/2014,,0,"66.500,00",0,0,DOACAO CONT.009173-D,001222271-2,0,
239,HKC7044,REBOQUE,REBOQUE,2009,Outros,9A9CP30129CCE3001,CINZA,IV,,,DOACAO  CONTRATO 07038-D,Ótimo,Veículo,Ativa,Outros,01116271-6,123208025,VET.ESC. VETERINARIA,VET-SERVICOS GERAIS,CAR/REBOQUE/C.ABERTA,DEDICADO,,,,UNIVERSIDADE FEDERAL DE MINAS GERAIS - UFMG,,,0,15/06/2010,,0,"4.600,00",0,0,DOACAO  CONTRATO 07038-D,01116271-6,0,
240,HKT2009,CAVALO MEC. AXOR 1933 S,MERCEDES BENZ,2008,Diesel,9BM9582078B605611,BRANCA,IV,326 CV,6,DOACAO TERMO 6306-2011,Ótimo,Veículo,Ativa,Diesel,01044584-6,119059002,CP ESC. FUND. CENTRO PEDAGÓGICO,CP MUSEU ITINERANTE,CAR/CARRETA,DEDICADO,,,,UNIVERSIDADE FEDERAL DE MINAS GERAIS - UFMG,,,51138,21/06/2012,,0,"258.783,00",0,0,DOACAO TERMO 6306-2011,01044584-6,0,
241,HKT4123,WEEKEND ADV. LOCKER,FIAT,2009,Outros,9BD17309TA4271287,BRANCA,IV,114 CV,4,DOACAO CONTRATO-06770-D,Ótimo,Veículo,Ativa,Outros,1097089-4,148366031,PRO REITORIA DE ADM.,PRA-DLO-DSU,PAS/AUTOMOVEL,DEDICADO,"1,8",,3085121004482350,UNIVERSIDADE FEDERAL DE MINAS GERAIS - UFMG,,,319834,26/08/2009,,0,"59.000,00",0,0,DOACAO CONTRATO-06770-D,1097089-4,0,
242,HLF3224,KOMBI - STANDARD,VOLKSWAGEN,2010,Flex,9BWMF07X6BP003388,BRANCA,IV,1.4 80 CV,4,COMPRA,Ótimo,Veículo,Ativa,Flex,01114303-7,214994376,DEMAI,DEMAI-CIVIL,MIS/CAMION./C.FECHADA,DEDICADO,,,3085121004482360,UNIVERSIDADE FEDERAL DE MINAS GERAIS - UFMG,,,99711,14/06/2010,,570783,"44.260,00",0,0,COMPRA,01114303-7,0,
243,HLP3585,WEEKEND ADV. LOCKER,FIAT,2009,Flex,9BD17309TA4288570,BRANCA,IV,"1,8",4,DOACAO CONTRATO 06771-D,Ótimo,Grupo Gerencial,Ativa,Flex,1100093-7,158683803,FAC. MEDICINA,FAC. MEDICINA-INTERNATO RURAL,PAS/AUTOMOVEL,DEDICADO,X7*0500882*,,3085121004482370,UNIVERSIDADE FEDERAL DE MINAS GERAIS - UFMG,,,378718,22/10/2009,,552960,"59.000,00",0,0,DOACAO CONTRATO 06771-D,1100093-7,0,
244,HLP4328,FRONTIER  SE 25 X2 09/09,NISSAN,2009,Diesel,94DVCGD409J276875,PRATA,IV,144 CV,4,DOACAO CONTRATO 06772-D ,Bom,Veículo,Ativa,Diesel,1077007-1,158812581,ICA INSTITUTO DE CIENC. AGRARIAS,ICA SERVIÇOS GERAIS,MIS/CAMION./CAB. DUPLA,DEDICADO,,,3085121004482380,UNIVERSIDADE FEDERAL DE MINAS GERAIS - UFMG,,,140120,19/11/2009,16/02/2017,0,"101.990,00",0,0,DOACAO CONTRATO 06772-D ,1077007-1,0,
245,HMB8801,UNO MILLE WAY ECON,FIAT,2009,,9BD15804AA6358121,BRANCA,IV,066 CV,4,DOACAO CONTRATO 08186-D,Ótimo,Veículo,Ativa,,01151691-7,168999587,IGC INST.GEOCIENCIAS,IGC CASA GLORIA,PAS/AUTOMOVEL,DEDICADO,,,,UNIVERSIDADE FEDERAL DE MINAS GERAIS - UFMG,,,75396,17/10/2012,,0,"25.900,00",0,0,DOACAO CONTRATO 08186-D,01151691-7,0,
246,HMJ1867,UNO MILLE ECONOMY,FIAT,2009,Flex,9BD15822AA6396482,PRATA,IV,66 CV,4,DOACAO CONTRATO 08670 D,Ótimo,Veículo,Ativa,Flex,01119632-7,181079984,DEMAI,DEMAI CAMPUS 2000,PAS/AUTOMOVEL,DEDICADO,,,,UNIVERSIDADE FEDERAL DE MINAS GERAIS - UFMG,,,94943,14/08/2013,,0,"26.176,00",0,0,DOACAO CONTRATO 08670 D,01119632-7,0,
247,HMR4787,STRADA FIRE FLEX,FIAT,2010,Gasolina,9BD27803MA7232425,PRATA,IV,086 CV,4,DOACAO CONTRATO 009899-D,Ótimo,Veículo,Ativa,Gasolina,01250911-6,195126181,PRO REITORIA DE ADM.,PRA-DLO-DSU,PAS/AUTOMOVEL,DEDICADO,310A2011*9345002*,,,UNIVERSIDADE FEDERAL DE MINAS GERAIS - UFMG,,,88024,05/03/2016,,0,"31.818,00",0,0,DOACAO CONTRATO 009899-D,01250911-6,0,
248,HMR4789,STRADA FIRE FLEX,FIAT,2010,Flex,9BD27803MA7234148,PRATA,IV,86 CV,4,DOACAO CONTRATO 08670 D,Ótimo,Veículo,Ativa,Flex,01119754-4,195127595,DEMAI,DEMAI SERVICOS GERAIS,PAS/AUTOMOVEL,DEDICADO,310A2011*9352022*,,,UNIVERSIDADE FEDERAL DE MINAS GERAIS - UFMG,,,73376,14/08/2013,,0,"31.818,00",0,0,DOACAO CONTRATO 08670 D,01119754-4,0,
249,HMR4791,STRADA FIRE FLEX,FIAT,2010,Flex,9BD27803MA7234146,PRATA,IV,086 CV,4,DOACAO CONTRATO 08881-D,Ótimo,Veículo,Ativa,Flex,001208590-1,195126750,DEMAI,DEMAI DIV. MAQ. EQUIP. ESPECIAIS,PAS/AUTOMOVEL,DEDICADO,310A2011*9352022*,,,UNIVERSIDADE FEDERAL DE MINAS GERAIS - UFMG,,,91150,15/04/2014,,0,"31.818,00",0,0,DOACAO CONTRATO 08881-D,001208590-1,0,
250,HNX0284,CAMINHAO BAU 815 N,FORD,2011,Diesel,9BFVCE1N5CBB05347,BRANCA,IV,150 CV,4,COMPRA,Ótimo,Veículo,Ativa,Diesel,01171590-1,460202189,PRO REITORIA DE ADM.,PRA-DLO-DITRA,CAR/CAMINHAO/C.FECHADA,DEDICADO,,,,UNIVERSIDADE FEDERAL DE MINAS GERAIS - UFMG,,,133746,15/05/2012,,7,"145.500,00",0,0,COMPRA,01171590-1,0,
251,JKH9243,L200 GL,MITSUBISHI,2006,Diesel,93XJNK3407C646213,BRANCA,IV,100CV,4,DOAÇAO-TERMO Nr.2277/06,Ótimo,Veículo,Ativa,Diesel,01046819-6,898686350,FAC. MEDICINA,FAC. MEDICINA-INTERNATO RURAL,MIS/CAMINHONETE/CABINE DUPLA,DEDICADO,"1,4",,3085121004482410,UNIVERSIDADE FEDERAL DE MINAS GERAIS - UFMG,,,278971,26/02/2007,,0,"68.580,00",0,0,DOAÇAO-TERMO Nr.2277/06,01046819-6,0,JKH9243
252,JKH9283,L200 GL,MITSUBISHI,2006,Diesel,93XJNK3407C646226,BRANCA,IV,100CV,4,DOACAO-TERMO Nr.2277/06,Ótimo,Veículo,Ativa,Diesel,01046824-2,898681235,ODONTO FAC. ODONTOLOGIA,ODONTO -SERVICOS GERAIS,MIS/CAMINHONETE/CABINE DUPLA,DEDICADO,"1,4",,3085121004482420,UNIVERSIDADE FEDERAL DE MINAS GERAIS - UFMG,,,247098,26/02/2007,,0,"68.580,00",0,0,DOACAO-TERMO Nr.2277/06,01046824-2,0,JKH9283
253,JKH9303,L200 GL,MITSUBISHI,2006,Diesel,93XJNK3407C646223,BRANCA,IV,100CV,4,DOACAO-TERMO Nr. 2277/06,Anti-econômico,Veículo,Ativa,Diesel,01046823-4,898679532,PRO REITORIA DE ADM.,PRA-DLO-DITRA-LEILAO,MIS/CAMINHONETE/CABINE DUPLA,DEDICADO,"1,4",,3085121004482440,UNIVERSIDADE FEDERAL DE MINAS GERAIS - UFMG,,,253314,26/02/2007,,0,"68.580,00",0,0,DOACAO-TERMO Nr. 2277/06,01046823-4,0,JKH9303
254,JKH9313,L200 GL,MITSUBISHI,2006,Diesel,93XJNK3407C646215,BRANCA,IV,100CV,4,DOACAO TERMO Nr..2277/06,Ótimo,Veículo,Ativa,Diesel,01046821-8,898674930,ENF-ESC. ENFERMAGEM,ENF-SERVICOS GERAIS,MIS/CAMINHONETE/CABINE DUPLA,DEDICADO,"1,4",,3085121004482450,UNIVERSIDADE FEDERAL DE MINAS GERAIS - UFMG,,,245489,26/02/2007,,0,"68.580,00",0,0,DOACAO TERMO Nr..2277/06,01046821-8,0,JKH9313
255,JKH9333,L200 GL,MITSUBISHI,2006,Diesel,93XJNK3407C646211,BRANCA,IV,100CV,4,DOACAO-TERMO2277/2006,Ótimo,Veículo,Ativa,Diesel,10468188,898677017,FAC. MEDICINA,FAC. MEDICINA-INTERNATO RURAL,MIS/CAMINHONETE/CABINE DUPLA,DEDICADO,"1,4",,3085121004482470,UNIVERSIDADE FEDERAL DE MINAS GERAIS - UFMG,,,322830,26/02/2007,,0,"68.580,00",0,0,DOACAO-TERMO2277/2006,10468188,0,JKH9333
256,NXY0160,VAN TRANSIT 350 L CIRILO,FORD,2011,Diesel,WF0DXXTBFBTT25315,BRANCA,IV,116 CV,4,DOACAO CONTRATO 010086-D,Bom,Veículo,Ativa,Diesel,1260054 - 7,456208569,ENG - ESC. ENGENHARIA,ENG-SERVICOS GERAIS,PAS/MICROONIBUS,DEDICADO,XJFA8TT25315,,,UNIVERSIDADE FEDERAL DE MINAS GERAIS - UFMG,,,39902,21/02/2017,,0,"95.000,00",0,0,DOACAO CONTRATO 010086-D,1260054 - 7,0,
257,NYA5536,CARRETA MUSEU ITINERANTE SRF2ECL,LINSHALM,2009,Outros,9A908RCS291CX2074,PRATA,IV,,,DOACAO TERMO 6306-2011,Ótimo,Veículo,Ativa,Outros,01084292-6,463161513,CP ESC. FUND. CENTRO PEDAGÓGICO,CP MUSEU ITINERANTE,CAR/S.REBOQUE/C.FECHADA,DEDICADO,,,,UNIVERSIDADE FEDERAL DE MINAS GERAIS - UFMG,,,0,25/06/2012,,0,"180.000,00",0,0,DOACAO TERMO 6306-2011,01084292-6,0,
258,NYB3752,TANQUE CARGO 1722 CN,FORD,2011,Diesel,9BFYEAXV8CBS98646,BRANCA,IV,220 CV,4,COMPRA,Ótimo,Veículo,Ativa,Diesel,01171863-3,464444306,DEMAI,DEMAI SERVICOS GERAIS,CAR/CAMINHAO TANQUE ,DEDICADO,3637857,,,UNIVERSIDADE FEDERAL DE MINAS GERAIS - UFMG,,,5016,17/07/2012,,630,"217.900,00",0,0,COMPRA,01171863-3,0,
259,OLR4740,VOYAGE 1.6 COMFORTL,VOLKSWAGEN,2012,Gasolina,9BWDB45UXDT092792,BRANCA,IV,"1,6",4,DOACAO CONTRATO 08298-D,Ótimo,Veículo,Ativa,Gasolina,01174026-4,474140059,PRO REITORIA DE ADM.,PRA-DLO-DITRA,PAS/AUTOMOVEL,DEDICADO,CCR N52357,,,UNIVERSIDADE FEDERAL DE MINAS GERAIS - UFMG,,,206738,17/12/2012,,0,"43.215,00",0,0,DOACAO CONTRATO 08298-D,01174026-4,0,
260,OPF1840,CAMINHAO VERTIS 90V18,IVECO,2012,Diesel,93ZA90D00D8560030,BRANCA,IV,177CV,4,COMPRA,Ótimo,Veículo,Ativa,Diesel,001189014-2,507416848,DEMAI,DEMAI SERVICOS GERAIS,CAR/CAMINHAO/C.ABERTA,DEDICADO,F4AE3481E*6096919*,,,UNIVERSIDADE FEDERAL DE MINAS GERAIS - UFMG,,,37122,02/08/2013,,1587,"145.280,00",0,0,COMPRA,001189014-2,0,
261,OPF1841,CAMINHAO VERTIS 90V18,IVECO,2012,Diesel,93ZA90D00D8560154,BRANCA,IV,177CV,4,COMPRA,Ótimo,Grupo Gerencial,Ativa,Diesel,01189013-4,507186460,VET.ESC. VETERINARIA,VET-SERVICOS GERAIS,CAR/CAMINHAO/C.ABERTA,DEDICADO,F4AE3481E*610222*,,,UNIVERSIDADE FEDERAL DE MINAS GERAIS - UFMG,,,74806,02/08/2013,,1586,"145.280,00",0,0,COMPRA,01189013-4,0,
262,OPF6541,PICK-UP S10 2.2 S,CHEVROLET,2012,Gasolina,9BG148DH0DC442931,,IV,,,,Ótimo,Grupo Gerencial,Ativa,Gasolina,,507825977,VET.ESC. VETERINARIA,VET-SERVICOS GERAIS,CAR/CAMION./C.ABERTA,DEDICADO,,,,UNIVERSIDADE FEDERAL DE MINAS GERAIS - UFMG,,,55852,15/01/2019,,0,"100.023,18",0,0,,,0,
263,PAC6254,UNO VIVACE 1.0,FIAT,2014,Flex,9BD195152F0652925,BRANCA,IV,1,4,DOACAO CONTRATO 018/2015,Ótimo,Veículo,Ativa,Flex,01231000-1,1038011326,ICA INSTITUTO DE CIENC. AGRARIAS,ICA TRANSPORTES,PAS/AUTOMOVEL,DEDICADO,,,,UNIVERSIDADE FEDERAL DE MINAS GERAIS - UFMG,,,26516,16/11/2015,,0,"31992,91",0,0,DOACAO CONTRATO 018/2015,01231000-1,0,
264,PAC6260,STRADA TREK FLEX,FIAT,2014,Flex,9BD578354F7920121,BRANCA,IV,"1,6",4,DOACAO CONTRATO 018/2015,Ótimo,Veículo,Ativa,Flex,01231001-8,1038075324,ICA INSTITUTO DE CIENC. AGRARIAS,ICA TRANSPORTES,ESP/CAMIONETE/AB.CAB.DUPLA,DEDICADO,,,,UNIVERSIDADE FEDERAL DE MINAS GERAIS - UFMG,,,26475,16/11/2015,,0,"49.634,00",0,0,DOACAO CONTRATO 018/2015,01231001-8,0,
265,QOM8490,DOBLO EX,FIAT,2018,Gasolina,9BD11960DJ1145868,BRANCA,IV,,,,Ótimo,Grupo Gerencial,Ativa,Gasolina,,1154376033,REI-GABINETE REITOR ADM,REI-NUCLEO DE ACESSIBILIDADE E INCLUSAO,MIS/CAMION./C.FECHADA,DEDICADO,,,,UNIVERSIDADE FEDERAL DE MINAS GERAIS - UFMG,,,13493,15/01/2019,,0,"73.981,60",0,0,,,0,
266,QOW0028,MARCOPOLO VOLARE W9 ,AGRALE,2018,,93PB88S31JC059510,VERDE,IV,162CV,,,Ótimo,Grupo Gerencial,Ativa,,,1160526572,VET.ESC. VETERINARIA,VET-SERVICOS GERAIS,PAS/ONIBUS,DEDICADO,,,,UNIVERSIDADE FEDERAL DE MINAS GERAIS - UFMG,,,1232,25/10/2019,,0,"400.000,00",0,0,,,0,
267,RFA7D18,DRC 4X2,VOLKSWAGEN,2020,Diesel,9535h5TB0MR104638,BRANCA,II,,,,Ótimo,Grupo Gerencial,Ativa,Diesel,,1228041730,PRO REITORIA DE ADM.,PRA-DGA-AREAS VERDES,CAMINHAO,DEDICADO,,,,UNIVERSIDADE FEDERAL DE MINAS GERAIS - UFMG,,,6787,17/04/2020,,4871,"215.000,00",0,0,,,0,
,TOTAL 267,,,,,,,,,,,,,,,,,,,,,,,,,,,,,,,,,,,,,
,RELATÓRIO DE VEÍCULOS DA FROTA,,,,,,,,,,,,,,,,,,,,,,,,,,,,,,,,,,,,,
,Da depart. :   até :  ,,,,,,,,,,,,,,,,,,,,,,,,,,,,,,,,,,,,,
